datetime_beginning_utc,datetime_beginning_ept,requirement,regd_ssmw,rega_ssmw,regd_procure,rega_procure,total_mw,deficiency,rto_perfscore,rega_mileage,regd_mileage,rega_hourly,regd_hourly,is_approved,modified_datetime_utc
4/1/2023 4:00:00 AM,4/1/2023 12:00:00 AM,525,170.1,107.6,82.4,164.8,525.0,0.0,0.87,5.8,34.1,3.7,20.8,1,5/5/2023 10:06:16 AM
4/1/2023 5:00:00 AM,4/1/2023 1:00:00 AM,525,170.1,107.6,85.3,161.6,525.0,0.0,0.85,5.8,34.1,6.5,23.7,1,5/5/2023 10:06:16 AM
4/1/2023 6:00:00 AM,4/1/2023 2:00:00 AM,525,168.4,107.6,83.6,165.3,525.0,0.0,0.88,5.8,34.1,6.1,39.3,1,5/5/2023 10:06:16 AM
4/1/2023 7:00:00 AM,4/1/2023 3:00:00 AM,525,169.7,107.6,84.4,163.2,525.0,0.0,0.88,5.8,34.1,4.5,33.6,1,5/5/2023 10:06:16 AM
4/1/2023 8:00:00 AM,4/1/2023 4:00:00 AM,525,166.9,107.6,92.3,158.3,525.0,0.0,0.87,5.8,34.1,4.7,26.1,1,5/5/2023 10:06:16 AM
4/1/2023 9:00:00 AM,4/1/2023 5:00:00 AM,800,191.6,107.6,163.3,337.7,800.0,0.0,0.88,5.8,34.1,4.0,34.9,1,5/5/2023 10:06:16 AM
4/1/2023 10:00:00 AM,4/1/2023 6:00:00 AM,800,192.0,107.6,164.0,336.5,800.0,0.0,0.87,5.8,34.1,5.5,36.1,1,5/5/2023 10:06:16 AM
4/1/2023 11:00:00 AM,4/1/2023 7:00:00 AM,800,192.7,69.2,128.5,409.5,800.0,0.0,0.87,5.8,34.1,6.7,30.1,1,5/5/2023 10:06:16 AM
4/1/2023 12:00:00 PM,4/1/2023 8:00:00 AM,525,166.9,69.2,95.4,193.3,525.0,0.0,0.90,5.8,34.1,12.5,29.6,1,5/5/2023 10:06:16 AM
4/1/2023 1:00:00 PM,4/1/2023 9:00:00 AM,525,166.9,31.9,88.7,237.5,525.0,0.0,0.89,5.8,34.1,5.3,43.7,1,5/5/2023 10:06:16 AM
4/1/2023 2:00:00 PM,4/1/2023 10:00:00 AM,525,167.1,31.9,98.4,227.5,525.0,0.0,0.88,5.8,34.1,4.9,16.0,1,5/5/2023 10:06:16 AM
4/1/2023 3:00:00 PM,4/1/2023 11:00:00 AM,525,169.6,31.9,91.1,232.5,525.0,0.0,0.87,5.8,34.1,5.3,17.8,1,5/5/2023 10:06:16 AM
4/1/2023 4:00:00 PM,4/1/2023 12:00:00 PM,525,166.1,31.9,97.5,229.3,525.0,0.0,0.91,5.8,34.1,8.7,43.0,1,5/5/2023 10:06:16 AM
4/1/2023 5:00:00 PM,4/1/2023 1:00:00 PM,525,165.8,31.9,95.6,231.7,525.0,0.0,0.91,5.8,34.1,4.4,38.6,1,5/5/2023 10:06:16 AM
4/1/2023 6:00:00 PM,4/1/2023 2:00:00 PM,525,165.8,31.9,94.4,232.9,525.0,0.0,0.90,5.8,34.1,6.0,28.9,1,5/5/2023 10:06:16 AM
4/1/2023 7:00:00 PM,4/1/2023 3:00:00 PM,525,166.0,31.9,93.9,233.3,525.0,0.0,0.86,5.8,34.1,7.2,32.5,1,5/5/2023 10:06:16 AM
4/1/2023 8:00:00 PM,4/1/2023 4:00:00 PM,525,166.0,31.9,82.4,244.5,525.0,0.0,0.90,5.8,34.1,7.8,42.5,1,5/5/2023 10:06:16 AM
4/1/2023 9:00:00 PM,4/1/2023 5:00:00 PM,800,189.5,31.9,109.0,469.6,800.0,0.0,0.88,5.8,34.1,5.1,42.6,1,5/5/2023 10:06:16 AM
4/1/2023 10:00:00 PM,4/1/2023 6:00:00 PM,800,189.5,69.2,106.7,434.6,800.0,0.0,0.89,5.8,34.1,5.1,30.1,1,5/5/2023 10:06:16 AM
4/1/2023 11:00:00 PM,4/1/2023 7:00:00 PM,800,189.3,69.2,105.1,436.6,800.0,0.0,0.89,5.8,34.1,4.7,39.5,1,5/5/2023 10:06:16 AM
4/2/2023 12:00:00 AM,4/1/2023 8:00:00 PM,800,189.6,69.2,108.2,432.8,800.0,0.0,0.90,5.8,34.1,4.5,34.2,1,5/5/2023 10:06:16 AM
4/2/2023 1:00:00 AM,4/1/2023 9:00:00 PM,800,189.6,69.2,178.7,362.4,800.0,0.0,0.89,5.8,34.1,5.6,39.0,1,5/5/2023 10:06:16 AM
4/2/2023 2:00:00 AM,4/1/2023 10:00:00 PM,800,189.5,137.5,130.6,342.4,800.0,0.0,0.90,5.8,34.1,4.9,33.3,1,5/5/2023 10:06:16 AM
4/2/2023 3:00:00 AM,4/1/2023 11:00:00 PM,800,189.5,203.7,131.3,275.5,800.0,0.0,0.89,5.8,34.1,2.9,35.7,1,5/5/2023 10:06:16 AM
4/2/2023 4:00:00 AM,4/2/2023 12:00:00 AM,525,167.4,107.6,81.3,168.8,525.0,0.0,0.88,5.8,34.2,7.7,43.8,1,5/5/2023 10:06:16 AM
4/2/2023 5:00:00 AM,4/2/2023 1:00:00 AM,525,167.4,107.6,83.0,167.1,525.0,0.0,0.91,5.8,34.2,6.5,55.4,1,5/5/2023 10:06:15 AM
4/2/2023 6:00:00 AM,4/2/2023 2:00:00 AM,525,167.4,107.6,82.5,167.9,525.0,0.0,0.88,5.8,34.2,7.6,30.1,1,5/5/2023 10:06:15 AM
4/2/2023 7:00:00 AM,4/2/2023 3:00:00 AM,525,167.4,107.6,81.4,168.7,525.0,0.0,0.89,5.8,34.2,6.0,39.8,1,5/5/2023 10:06:15 AM
4/2/2023 8:00:00 AM,4/2/2023 4:00:00 AM,525,164.4,107.6,89.5,163.7,525.0,0.0,0.89,5.8,34.2,8.8,40.0,1,5/5/2023 10:06:15 AM
4/2/2023 9:00:00 AM,4/2/2023 5:00:00 AM,800,188.7,107.6,159.2,344.4,800.0,0.0,0.84,5.8,34.2,6.1,39.5,1,5/5/2023 10:06:15 AM
4/2/2023 10:00:00 AM,4/2/2023 6:00:00 AM,800,189.1,107.6,161.1,341.9,800.0,0.0,0.88,5.8,34.2,3.0,36.0,1,5/5/2023 10:06:16 AM
4/2/2023 11:00:00 AM,4/2/2023 7:00:00 AM,800,189.6,135.4,103.7,370.8,800.0,0.0,0.89,5.8,34.2,3.4,36.2,1,5/5/2023 10:06:16 AM
4/2/2023 12:00:00 PM,4/2/2023 8:00:00 AM,525,164.7,69.0,89.1,202.2,525.0,0.0,0.90,5.8,34.2,1.6,27.6,1,5/5/2023 10:06:16 AM
4/2/2023 1:00:00 PM,4/2/2023 9:00:00 AM,525,164.7,31.8,77.2,251.3,525.0,0.0,0.89,5.8,34.2,5.7,40.6,1,5/5/2023 10:06:16 AM
4/2/2023 2:00:00 PM,4/2/2023 10:00:00 AM,525,164.8,31.8,92.6,235.6,525.0,0.0,0.86,5.8,34.2,8.7,41.4,1,5/5/2023 10:06:16 AM
4/2/2023 3:00:00 PM,4/2/2023 11:00:00 AM,525,164.8,31.8,93.0,235.4,525.0,0.0,0.88,5.8,34.2,5.1,39.7,1,5/5/2023 10:06:16 AM
4/2/2023 4:00:00 PM,4/2/2023 12:00:00 PM,525,164.4,31.8,94.2,234.5,525.0,0.0,0.87,5.8,34.2,8.0,36.6,1,5/5/2023 10:06:16 AM
4/2/2023 5:00:00 PM,4/2/2023 1:00:00 PM,525,164.4,31.8,93.9,234.8,525.0,0.0,0.89,5.8,34.2,8.5,39.1,1,5/5/2023 10:06:16 AM
4/2/2023 6:00:00 PM,4/2/2023 2:00:00 PM,525,164.4,31.8,95.2,233.2,525.0,0.0,0.89,5.8,34.2,8.1,34.0,1,5/5/2023 10:06:16 AM
4/2/2023 7:00:00 PM,4/2/2023 3:00:00 PM,525,164.6,31.8,94.6,234.0,525.0,0.0,0.90,5.8,34.2,6.9,35.2,1,5/5/2023 10:06:16 AM
4/2/2023 8:00:00 PM,4/2/2023 4:00:00 PM,525,164.6,31.8,84.5,244.0,525.0,0.0,0.89,5.8,34.2,8.8,37.8,1,5/5/2023 10:06:16 AM
4/2/2023 9:00:00 PM,4/2/2023 5:00:00 PM,800,189.2,31.8,111.9,466.9,800.0,0.0,0.90,5.8,34.2,6.9,30.1,1,5/5/2023 10:06:16 AM
4/2/2023 10:00:00 PM,4/2/2023 6:00:00 PM,800,189.2,31.8,110.7,468.0,800.0,0.0,0.88,5.8,34.2,3.8,28.4,1,5/5/2023 10:06:16 AM
4/2/2023 11:00:00 PM,4/2/2023 7:00:00 PM,800,188.9,31.8,169.5,409.8,800.0,0.0,0.89,5.8,34.2,5.2,32.1,1,5/5/2023 10:06:16 AM
4/3/2023 12:00:00 AM,4/2/2023 8:00:00 PM,800,188.3,31.8,170.5,409.3,800.0,0.0,0.91,5.8,34.2,3.3,35.2,1,5/5/2023 10:06:16 AM
4/3/2023 1:00:00 AM,4/2/2023 9:00:00 PM,800,188.3,31.8,169.5,410.0,800.0,0.0,0.89,5.8,34.2,6.6,27.3,1,5/5/2023 10:06:16 AM
4/3/2023 2:00:00 AM,4/2/2023 10:00:00 PM,800,189.3,100.3,132.0,378.1,800.0,0.0,0.86,5.8,34.2,5.8,26.3,1,5/5/2023 10:06:16 AM
4/3/2023 3:00:00 AM,4/2/2023 11:00:00 PM,800,189.3,100.3,131.5,378.8,800.0,0.0,0.86,5.8,34.2,4.9,26.8,1,5/5/2023 10:06:16 AM
4/3/2023 4:00:00 AM,4/3/2023 12:00:00 AM,525,166.9,70.3,82.1,205.8,525.0,0.0,0.89,5.8,34.2,8.8,25.1,1,5/5/2023 10:06:16 AM
4/3/2023 5:00:00 AM,4/3/2023 1:00:00 AM,525,166.9,70.3,85.4,202.5,525.0,0.0,0.85,5.8,34.2,8.5,30.7,1,5/5/2023 10:06:16 AM
4/3/2023 6:00:00 AM,4/3/2023 2:00:00 AM,525,166.9,70.3,83.0,205.1,525.0,0.0,0.90,5.8,34.2,4.9,37.3,1,5/5/2023 10:06:16 AM
4/3/2023 7:00:00 AM,4/3/2023 3:00:00 AM,525,167.4,70.3,80.5,207.0,525.0,0.0,0.86,5.8,34.2,8.8,34.1,1,5/5/2023 10:06:16 AM
4/3/2023 8:00:00 AM,4/3/2023 4:00:00 AM,525,164.4,70.3,89.2,201.2,525.0,0.0,0.87,5.8,34.2,6.3,35.5,1,5/5/2023 10:06:16 AM
4/3/2023 9:00:00 AM,4/3/2023 5:00:00 AM,800,188.7,70.3,159.4,381.6,800.0,0.0,0.88,5.8,34.2,5.2,27.4,1,5/5/2023 10:06:16 AM
4/3/2023 10:00:00 AM,4/3/2023 6:00:00 AM,800,188.9,31.8,158.3,421.1,800.0,0.0,0.85,5.8,34.2,0.5,14.2,1,5/5/2023 10:06:16 AM
4/3/2023 11:00:00 AM,4/3/2023 7:00:00 AM,800,189.2,31.8,126.2,452.7,800.0,0.0,0.89,5.8,34.2,6.0,37.3,1,5/5/2023 10:06:16 AM
4/3/2023 12:00:00 PM,4/3/2023 8:00:00 AM,525,163.7,33.5,95.1,232.7,525.0,0.0,0.91,5.8,34.2,7.2,29.0,1,5/5/2023 10:06:16 AM
4/3/2023 1:00:00 PM,4/3/2023 9:00:00 AM,525,163.7,93.4,92.8,174.9,525.0,0.0,0.90,5.8,34.2,6.0,39.5,1,5/5/2023 10:06:16 AM
4/3/2023 2:00:00 PM,4/3/2023 10:00:00 AM,525,167.5,3.7,84.3,269.6,525.0,0.0,0.90,5.8,34.2,5.6,38.2,1,5/5/2023 10:06:16 AM
4/3/2023 3:00:00 PM,4/3/2023 11:00:00 AM,525,163.4,57.3,92.6,211.8,525.0,0.0,0.89,5.8,34.2,8.3,34.1,1,5/5/2023 10:06:16 AM
4/3/2023 4:00:00 PM,4/3/2023 12:00:00 PM,525,163.7,120.8,92.7,148.0,525.0,0.0,0.89,5.8,34.2,6.9,38.5,1,5/5/2023 10:06:16 AM
4/3/2023 5:00:00 PM,4/3/2023 1:00:00 PM,525,165.2,57.3,93.9,208.5,525.0,0.0,0.91,5.8,34.2,5.2,35.9,1,5/5/2023 10:06:16 AM
4/3/2023 6:00:00 PM,4/3/2023 2:00:00 PM,525,164.0,57.3,89.8,213.9,525.0,0.0,0.90,5.8,34.2,5.8,38.9,1,5/5/2023 10:06:16 AM
4/3/2023 7:00:00 PM,4/3/2023 3:00:00 PM,525,164.0,55.5,89.6,215.9,525.0,0.0,0.90,5.8,34.2,7.2,35.8,1,5/5/2023 10:06:16 AM
4/3/2023 8:00:00 PM,4/3/2023 4:00:00 PM,525,153.3,55.5,82.3,234.0,525.0,0.0,0.90,5.8,34.2,5.6,44.9,1,5/5/2023 10:06:15 AM
4/3/2023 9:00:00 PM,4/3/2023 5:00:00 PM,800,171.5,55.5,104.2,468.8,800.0,0.0,0.88,5.8,34.2,4.8,46.5,1,5/5/2023 10:06:15 AM
4/3/2023 10:00:00 PM,4/3/2023 6:00:00 PM,800,171.1,55.5,107.5,465.9,800.0,0.0,0.91,5.8,34.2,4.3,33.5,1,5/5/2023 10:06:15 AM
4/3/2023 11:00:00 PM,4/3/2023 7:00:00 PM,800,171.3,55.5,104.9,468.3,800.0,0.0,0.91,5.8,34.2,4.0,39.8,1,5/5/2023 10:06:15 AM
4/4/2023 12:00:00 AM,4/3/2023 8:00:00 PM,800,189.3,55.5,115.4,439.7,800.0,0.0,0.92,5.8,34.2,3.7,39.4,1,5/5/2023 10:06:16 AM
4/4/2023 1:00:00 AM,4/3/2023 9:00:00 PM,800,189.6,159.4,117.6,333.5,800.0,0.0,0.92,5.8,34.2,3.5,32.7,1,5/5/2023 10:06:16 AM
4/4/2023 2:00:00 AM,4/3/2023 10:00:00 PM,800,189.6,70.3,119.2,421.1,800.0,0.0,0.84,5.8,34.2,8.6,29.4,1,5/5/2023 10:06:16 AM
4/4/2023 3:00:00 AM,4/3/2023 11:00:00 PM,800,189.6,70.3,118.1,422.3,800.0,0.0,0.88,5.8,34.2,6.2,36.4,1,5/5/2023 10:06:16 AM
4/4/2023 4:00:00 AM,4/4/2023 12:00:00 AM,525,167.1,70.4,76.4,211.3,525.0,0.0,0.86,5.8,34.2,9.3,24.4,1,5/5/2023 10:06:16 AM
4/4/2023 5:00:00 AM,4/4/2023 1:00:00 AM,525,167.1,70.4,77.9,209.8,525.0,0.0,0.89,5.8,34.2,7.0,33.1,1,5/5/2023 10:06:16 AM
4/4/2023 6:00:00 AM,4/4/2023 2:00:00 AM,525,167.1,70.4,76.4,211.5,525.0,0.0,0.90,5.8,34.2,6.8,44.3,1,5/5/2023 10:06:16 AM
4/4/2023 7:00:00 AM,4/4/2023 3:00:00 AM,525,167.5,70.4,74.2,213.1,525.0,0.0,0.90,5.8,34.2,6.5,40.2,1,5/5/2023 10:06:16 AM
4/4/2023 8:00:00 AM,4/4/2023 4:00:00 AM,525,164.4,70.4,83.8,206.7,525.0,0.0,0.89,5.8,34.2,9.6,25.9,1,5/5/2023 10:06:16 AM
4/4/2023 9:00:00 AM,4/4/2023 5:00:00 AM,800,190.0,31.8,149.2,428.7,800.0,0.0,0.86,5.8,34.2,6.0,26.5,1,5/5/2023 10:06:16 AM
4/4/2023 10:00:00 AM,4/4/2023 6:00:00 AM,800,189.6,67.4,152.8,390.1,800.0,0.0,0.84,5.8,34.2,5.1,26.6,1,5/5/2023 10:06:16 AM
4/4/2023 11:00:00 AM,4/4/2023 7:00:00 AM,800,190.3,67.4,111.2,431.2,800.0,0.0,0.87,5.8,34.2,1.3,22.8,1,5/5/2023 10:06:16 AM
4/4/2023 12:00:00 PM,4/4/2023 8:00:00 AM,525,164.6,67.4,88.5,204.7,525.0,0.0,0.88,5.8,34.2,8.4,27.5,1,5/5/2023 10:06:16 AM
4/4/2023 1:00:00 PM,4/4/2023 9:00:00 AM,525,159.6,67.4,80.8,217.1,525.0,0.0,0.88,5.8,34.2,10.5,33.3,1,5/5/2023 10:06:16 AM
4/4/2023 2:00:00 PM,4/4/2023 10:00:00 AM,525,165.3,0.0,84.3,275.7,525.0,0.0,0.88,5.8,34.2,4.1,25.0,1,5/5/2023 10:06:16 AM
4/4/2023 3:00:00 PM,4/4/2023 11:00:00 AM,525,165.8,31.8,87.7,240.0,525.0,0.0,0.88,5.8,34.2,8.7,31.5,1,5/5/2023 10:06:16 AM
4/4/2023 4:00:00 PM,4/4/2023 12:00:00 PM,525,165.0,31.8,87.7,240.8,525.0,0.0,0.89,5.8,34.2,7.4,33.9,1,5/5/2023 10:06:16 AM
4/4/2023 5:00:00 PM,4/4/2023 1:00:00 PM,525,164.9,31.8,82.8,245.8,525.0,0.0,0.90,5.8,34.2,7.0,42.1,1,5/5/2023 10:06:16 AM
4/4/2023 6:00:00 PM,4/4/2023 2:00:00 PM,525,165.5,31.8,86.0,242.2,525.0,0.0,0.91,5.8,34.2,8.4,41.7,1,5/5/2023 10:06:16 AM
4/4/2023 7:00:00 PM,4/4/2023 3:00:00 PM,525,165.5,31.8,80.6,247.5,525.0,0.0,0.90,5.8,34.2,2.6,34.5,1,5/5/2023 10:06:16 AM
4/4/2023 8:00:00 PM,4/4/2023 4:00:00 PM,525,163.2,31.8,80.4,249.9,525.0,0.0,0.91,5.8,34.2,7.8,42.2,1,5/5/2023 10:06:16 AM
4/4/2023 9:00:00 PM,4/4/2023 5:00:00 PM,800,187.0,67.4,106.6,439.2,800.0,0.0,0.90,5.8,34.2,4.8,36.6,1,5/5/2023 10:06:16 AM
4/4/2023 10:00:00 PM,4/4/2023 6:00:00 PM,800,187.0,67.4,107.1,438.8,800.0,0.0,0.89,5.8,34.2,5.8,34.6,1,5/5/2023 10:06:16 AM
4/4/2023 11:00:00 PM,4/4/2023 7:00:00 PM,800,187.1,67.4,105.2,440.1,800.0,0.0,0.88,5.8,34.2,6.9,32.8,1,5/5/2023 10:06:16 AM
4/5/2023 12:00:00 AM,4/4/2023 8:00:00 PM,800,188.2,67.4,106.2,438.4,800.0,0.0,0.88,5.8,34.2,5.1,35.4,1,5/5/2023 10:06:16 AM
4/5/2023 1:00:00 AM,4/4/2023 9:00:00 PM,800,188.3,67.4,106.2,438.3,800.0,0.0,0.90,5.8,34.2,3.0,37.4,1,5/5/2023 10:06:16 AM
4/5/2023 2:00:00 AM,4/4/2023 10:00:00 PM,800,188.5,70.4,130.4,410.9,800.0,0.0,0.87,5.8,34.2,6.7,40.9,1,5/5/2023 10:06:16 AM
4/5/2023 3:00:00 AM,4/4/2023 11:00:00 PM,800,188.5,70.4,129.2,412.1,800.0,0.0,0.84,5.8,34.2,9.2,30.9,1,5/5/2023 10:06:16 AM
4/5/2023 4:00:00 AM,4/5/2023 12:00:00 AM,525,166.5,70.2,83.1,205.0,525.0,0.0,0.86,5.8,34.0,8.7,27.6,1,5/5/2023 10:06:16 AM
4/5/2023 5:00:00 AM,4/5/2023 1:00:00 AM,525,167.5,70.2,87.4,200.1,525.0,0.0,0.87,5.8,34.0,10.6,34.3,1,5/5/2023 10:06:16 AM
4/5/2023 6:00:00 AM,4/5/2023 2:00:00 AM,525,167.5,70.2,86.4,201.0,525.0,0.0,0.89,5.8,34.0,7.5,32.0,1,5/5/2023 10:06:16 AM
4/5/2023 7:00:00 AM,4/5/2023 3:00:00 AM,525,168.3,70.2,83.1,203.5,525.0,0.0,0.88,5.8,34.0,8.4,49.8,1,5/5/2023 10:06:16 AM
4/5/2023 8:00:00 AM,4/5/2023 4:00:00 AM,525,165.5,70.2,92.1,197.7,525.0,0.0,0.88,5.8,34.0,10.1,29.6,1,5/5/2023 10:06:16 AM
4/5/2023 9:00:00 AM,4/5/2023 5:00:00 AM,800,189.2,31.7,152.5,426.6,800.0,0.0,0.86,5.8,34.0,5.2,24.2,1,5/5/2023 10:06:16 AM
4/5/2023 10:00:00 AM,4/5/2023 6:00:00 AM,800,189.3,31.7,143.2,435.9,800.0,0.0,0.88,5.8,34.0,6.0,17.8,1,5/5/2023 10:06:15 AM
4/5/2023 11:00:00 AM,4/5/2023 7:00:00 AM,800,175.1,31.7,209.8,383.2,800.0,0.0,0.88,5.8,34.0,3.1,27.7,1,5/5/2023 10:06:15 AM
4/5/2023 12:00:00 PM,4/5/2023 8:00:00 AM,525,143.5,57.8,80.2,243.5,525.0,0.0,0.92,5.8,34.0,5.1,42.8,1,5/5/2023 10:06:15 AM
4/5/2023 1:00:00 PM,4/5/2023 9:00:00 AM,525,165.9,67.0,93.6,198.6,525.0,0.0,0.91,5.8,34.0,10.0,26.9,1,5/5/2023 10:06:15 AM
4/5/2023 2:00:00 PM,4/5/2023 10:00:00 AM,525,165.9,37.3,89.7,232.4,525.0,0.0,0.87,5.8,34.0,8.2,20.3,1,5/5/2023 10:06:15 AM
4/5/2023 3:00:00 PM,4/5/2023 11:00:00 AM,525,165.9,67.0,89.9,202.3,525.0,0.0,0.87,5.8,34.0,1.7,17.6,1,5/5/2023 10:06:16 AM
4/5/2023 4:00:00 PM,4/5/2023 12:00:00 PM,525,169.4,67.0,86.9,201.8,525.0,0.0,0.88,5.8,34.0,8.2,29.1,1,5/5/2023 10:06:16 AM
4/5/2023 5:00:00 PM,4/5/2023 1:00:00 PM,525,165.2,67.0,91.0,201.8,525.0,0.0,0.85,5.8,34.0,5.5,29.5,1,5/5/2023 10:06:16 AM
4/5/2023 6:00:00 PM,4/5/2023 2:00:00 PM,525,164.9,67.0,87.6,205.5,525.0,0.0,0.88,5.8,34.0,11.8,34.4,1,5/5/2023 10:06:16 AM
4/5/2023 7:00:00 PM,4/5/2023 3:00:00 PM,525,165.3,67.0,88.3,204.4,525.0,0.0,0.89,5.8,34.0,6.5,22.6,1,5/5/2023 10:06:16 AM
4/5/2023 8:00:00 PM,4/5/2023 4:00:00 PM,525,153.8,85.8,78.4,206.9,525.0,0.0,0.88,5.8,34.0,10.9,26.0,1,5/5/2023 10:06:16 AM
4/5/2023 9:00:00 PM,4/5/2023 5:00:00 PM,800,169.7,85.8,103.7,441.0,800.0,0.0,0.89,5.8,34.0,5.8,22.0,1,5/5/2023 10:06:16 AM
4/5/2023 10:00:00 PM,4/5/2023 6:00:00 PM,800,175.8,104.6,102.4,417.1,800.0,0.0,0.88,5.8,34.0,5.1,30.7,1,5/5/2023 10:06:16 AM
4/5/2023 11:00:00 PM,4/5/2023 7:00:00 PM,800,176.4,104.6,104.7,414.1,800.0,0.0,0.91,5.8,34.0,4.3,33.3,1,5/5/2023 10:06:16 AM
4/6/2023 12:00:00 AM,4/5/2023 8:00:00 PM,800,176.4,104.6,103.5,415.4,800.0,0.0,0.92,5.8,34.0,3.5,30.1,1,5/5/2023 10:06:16 AM
4/6/2023 1:00:00 AM,4/5/2023 9:00:00 PM,800,176.5,104.6,103.8,415.1,800.0,0.0,0.91,5.8,34.0,3.5,37.0,1,5/5/2023 10:06:16 AM
4/6/2023 2:00:00 AM,4/5/2023 10:00:00 PM,800,194.9,107.8,126.2,371.3,800.0,0.0,0.88,5.8,34.0,5.2,39.7,1,5/5/2023 10:06:16 AM
4/6/2023 3:00:00 AM,4/5/2023 11:00:00 PM,800,194.9,107.8,125.1,372.1,800.0,0.0,0.89,5.8,34.0,5.7,31.2,1,5/5/2023 10:06:16 AM
4/6/2023 4:00:00 AM,4/6/2023 12:00:00 AM,525,171.3,138.2,76.8,138.7,525.0,0.0,0.91,5.9,33.9,6.2,33.6,1,5/5/2023 10:06:16 AM
4/6/2023 5:00:00 AM,4/6/2023 1:00:00 AM,525,171.3,138.2,78.1,137.5,525.0,0.0,0.89,5.9,33.9,7.4,34.5,1,5/5/2023 10:06:16 AM
4/6/2023 6:00:00 AM,4/6/2023 2:00:00 AM,525,171.3,139.1,76.3,138.3,525.0,0.0,0.92,5.9,33.9,5.7,43.5,1,5/5/2023 10:06:16 AM
4/6/2023 7:00:00 AM,4/6/2023 3:00:00 AM,525,171.3,140.0,75.6,138.2,525.0,0.0,0.90,5.9,33.9,7.6,31.3,1,5/5/2023 10:06:16 AM
4/6/2023 8:00:00 AM,4/6/2023 4:00:00 AM,525,171.9,140.0,68.8,144.3,525.0,0.0,0.89,5.9,33.9,10.5,35.3,1,5/5/2023 10:06:16 AM
4/6/2023 9:00:00 AM,4/6/2023 5:00:00 AM,800,193.1,98.2,140.5,368.1,800.0,0.0,0.88,5.9,33.9,4.3,36.6,1,5/5/2023 10:06:16 AM
4/6/2023 10:00:00 AM,4/6/2023 6:00:00 AM,800,193.3,65.7,123.2,417.8,800.0,0.0,0.90,5.9,33.9,3.9,27.6,1,5/5/2023 10:06:16 AM
4/6/2023 11:00:00 AM,4/6/2023 7:00:00 AM,800,193.1,101.8,155.7,349.4,800.0,0.0,0.87,5.9,33.9,4.9,33.1,1,5/5/2023 10:06:16 AM
4/6/2023 12:00:00 PM,4/6/2023 8:00:00 AM,525,167.8,101.8,88.9,166.6,525.0,0.0,0.91,5.9,33.9,5.6,31.6,1,5/5/2023 10:06:16 AM
4/6/2023 1:00:00 PM,4/6/2023 9:00:00 AM,525,168.5,101.8,89.2,165.5,525.0,0.0,0.91,5.9,33.9,4.9,30.8,1,5/5/2023 10:06:16 AM
4/6/2023 2:00:00 PM,4/6/2023 10:00:00 AM,525,170.0,75.6,89.1,190.5,525.0,0.0,0.90,5.9,33.9,5.7,34.0,1,5/5/2023 10:06:16 AM
4/6/2023 3:00:00 PM,4/6/2023 11:00:00 AM,525,173.5,101.8,79.4,170.6,525.0,0.0,0.90,5.9,33.9,5.3,22.8,1,5/5/2023 10:06:16 AM
4/6/2023 4:00:00 PM,4/6/2023 12:00:00 PM,525,169.9,136.8,87.3,131.1,525.0,0.0,0.88,5.9,33.9,9.8,28.9,1,5/5/2023 10:06:16 AM
4/6/2023 5:00:00 PM,4/6/2023 1:00:00 PM,525,170.5,136.8,87.9,130.0,525.0,0.0,0.88,5.9,33.9,6.4,16.4,1,5/5/2023 10:06:16 AM
4/6/2023 6:00:00 PM,4/6/2023 2:00:00 PM,525,170.5,136.8,84.7,133.2,525.0,0.0,0.86,5.9,33.9,6.1,24.4,1,5/5/2023 10:06:16 AM
4/6/2023 7:00:00 PM,4/6/2023 3:00:00 PM,525,170.5,135.9,84.2,134.6,525.0,0.0,0.93,5.9,33.9,3.9,34.2,1,5/5/2023 10:06:16 AM
4/6/2023 8:00:00 PM,4/6/2023 4:00:00 PM,525,170.5,65.7,87.6,201.5,525.0,0.0,0.88,5.9,33.9,7.4,26.5,1,5/5/2023 10:06:16 AM
4/6/2023 9:00:00 PM,4/6/2023 5:00:00 PM,800,196.3,101.8,162.2,339.8,800.0,0.0,0.88,5.9,33.9,6.4,26.5,1,5/5/2023 10:06:16 AM
4/6/2023 10:00:00 PM,4/6/2023 6:00:00 PM,800,196.3,101.8,157.4,344.8,800.0,0.0,0.91,5.9,33.9,5.5,37.7,1,5/5/2023 10:06:16 AM
4/6/2023 11:00:00 PM,4/6/2023 7:00:00 PM,800,195.2,101.8,169.4,333.4,800.0,0.0,0.90,5.9,33.9,6.3,31.7,1,5/5/2023 10:06:16 AM
4/7/2023 12:00:00 AM,4/6/2023 8:00:00 PM,800,195.2,101.8,169.2,333.6,800.0,0.0,0.89,5.9,33.9,5.6,36.0,1,5/5/2023 10:06:16 AM
4/7/2023 1:00:00 AM,4/6/2023 9:00:00 PM,800,195.5,101.8,169.5,333.2,800.0,0.0,0.88,5.9,33.9,5.1,33.2,1,5/5/2023 10:06:15 AM
4/7/2023 2:00:00 AM,4/6/2023 10:00:00 PM,800,195.5,107.5,132.4,364.4,800.0,0.0,0.82,5.9,33.9,6.3,31.3,1,5/5/2023 10:06:15 AM
4/7/2023 3:00:00 AM,4/6/2023 11:00:00 PM,800,195.5,107.5,131.6,365.3,800.0,0.0,0.85,5.9,33.9,6.1,32.0,1,5/5/2023 10:06:15 AM
4/7/2023 4:00:00 AM,4/7/2023 12:00:00 AM,525,174.0,69.5,77.2,204.6,525.0,0.0,0.86,5.9,33.7,9.5,32.7,1,5/5/2023 10:06:16 AM
4/7/2023 5:00:00 AM,4/7/2023 1:00:00 AM,525,174.0,100.1,78.7,172.6,525.0,0.0,0.88,5.9,33.7,7.5,31.3,1,5/5/2023 10:06:16 AM
4/7/2023 6:00:00 AM,4/7/2023 2:00:00 AM,525,173.4,97.9,78.8,175.0,525.0,0.0,0.89,5.9,33.7,7.0,32.2,1,5/5/2023 10:06:16 AM
4/7/2023 7:00:00 AM,4/7/2023 3:00:00 AM,525,173.4,97.9,77.5,176.3,525.0,0.0,0.87,5.9,33.7,9.1,22.8,1,5/5/2023 10:06:16 AM
4/7/2023 8:00:00 AM,4/7/2023 4:00:00 AM,525,173.4,97.9,78.4,175.3,525.0,0.0,0.88,5.9,33.7,6.6,30.3,1,5/5/2023 10:06:16 AM
4/7/2023 9:00:00 AM,4/7/2023 5:00:00 AM,800,198.0,56.4,118.0,427.5,800.0,0.0,0.86,5.9,33.7,4.3,22.3,1,5/5/2023 10:06:16 AM
4/7/2023 10:00:00 AM,4/7/2023 6:00:00 AM,800,198.1,28.0,124.3,449.7,800.0,0.0,0.84,5.9,33.7,4.4,25.4,1,5/5/2023 10:06:16 AM
4/7/2023 11:00:00 AM,4/7/2023 7:00:00 AM,800,198.4,52.2,124.1,425.1,800.0,0.0,0.88,5.9,33.7,2.3,33.0,1,5/5/2023 10:06:16 AM
4/7/2023 12:00:00 PM,4/7/2023 8:00:00 AM,525,173.4,52.2,84.1,215.2,525.0,0.0,0.89,5.9,33.7,4.1,26.7,1,5/5/2023 10:06:16 AM
4/7/2023 1:00:00 PM,4/7/2023 9:00:00 AM,525,169.8,52.2,89.6,213.5,525.0,0.0,0.90,5.9,33.7,7.2,34.0,1,5/5/2023 10:06:16 AM
4/7/2023 2:00:00 PM,4/7/2023 10:00:00 AM,525,169.8,52.2,88.9,214.2,525.0,0.0,0.93,5.9,33.7,4.2,39.9,1,5/5/2023 10:06:16 AM
4/7/2023 3:00:00 PM,4/7/2023 11:00:00 AM,525,166.5,117.9,84.9,155.8,525.0,0.0,0.90,5.9,33.7,9.3,41.0,1,5/5/2023 10:06:16 AM
4/7/2023 4:00:00 PM,4/7/2023 12:00:00 PM,525,169.6,52.2,90.1,213.2,525.0,0.0,0.92,5.9,33.7,6.4,48.9,1,5/5/2023 10:06:16 AM
4/7/2023 5:00:00 PM,4/7/2023 1:00:00 PM,525,169.4,69.2,91.1,195.4,525.0,0.0,0.91,5.9,33.7,5.8,35.4,1,5/5/2023 10:06:16 AM
4/7/2023 6:00:00 PM,4/7/2023 2:00:00 PM,525,169.4,62.4,90.0,203.2,525.0,0.0,0.91,5.9,33.7,4.9,37.8,1,5/5/2023 10:06:16 AM
4/7/2023 7:00:00 PM,4/7/2023 3:00:00 PM,525,169.4,62.4,91.8,201.6,525.0,0.0,0.91,5.9,33.7,5.5,40.3,1,5/5/2023 10:06:16 AM
4/7/2023 8:00:00 PM,4/7/2023 4:00:00 PM,525,169.4,62.4,90.1,203.1,525.0,0.0,0.91,5.9,33.7,4.5,33.3,1,5/5/2023 10:06:16 AM
4/7/2023 9:00:00 PM,4/7/2023 5:00:00 PM,800,195.9,62.4,166.6,374.7,800.0,0.0,0.90,5.9,33.7,4.4,23.5,1,5/5/2023 10:06:16 AM
4/7/2023 10:00:00 PM,4/7/2023 6:00:00 PM,800,195.7,52.2,167.6,384.5,800.0,0.0,0.90,5.9,33.7,2.9,34.1,1,5/5/2023 10:06:16 AM
4/7/2023 11:00:00 PM,4/7/2023 7:00:00 PM,800,196.0,52.2,165.3,386.3,800.0,0.0,0.91,5.9,33.7,5.5,31.6,1,5/5/2023 10:06:16 AM
4/8/2023 12:00:00 AM,4/7/2023 8:00:00 PM,800,196.0,52.2,166.0,385.6,800.0,0.0,0.90,5.9,33.7,3.7,35.2,1,5/5/2023 10:06:16 AM
4/8/2023 1:00:00 AM,4/7/2023 9:00:00 PM,800,196.3,52.2,166.6,385.0,800.0,0.0,0.88,5.9,33.7,6.7,33.3,1,5/5/2023 10:06:16 AM
4/8/2023 2:00:00 AM,4/7/2023 10:00:00 PM,800,196.3,93.6,128.1,382.1,800.0,0.0,0.82,5.9,33.7,9.0,24.0,1,5/5/2023 10:06:16 AM
4/8/2023 3:00:00 AM,4/7/2023 11:00:00 PM,800,196.3,69.5,127.4,406.9,800.0,0.0,0.85,5.9,33.7,7.4,32.5,1,5/5/2023 10:06:16 AM
4/8/2023 4:00:00 AM,4/8/2023 12:00:00 AM,525,173.8,93.6,76.3,181.6,525.0,0.0,0.89,5.8,33.6,9.1,39.1,1,5/5/2023 10:06:16 AM
4/8/2023 5:00:00 AM,4/8/2023 1:00:00 AM,525,173.8,26.2,79.5,245.7,525.0,0.0,0.87,5.8,33.6,6.6,37.3,1,5/5/2023 10:06:16 AM
4/8/2023 6:00:00 AM,4/8/2023 2:00:00 AM,525,173.8,26.2,77.4,247.8,525.0,0.0,0.87,5.8,33.6,7.6,43.2,1,5/5/2023 10:06:16 AM
4/8/2023 7:00:00 AM,4/8/2023 3:00:00 AM,525,173.8,26.2,76.9,248.2,525.0,0.0,0.89,5.8,33.6,6.3,39.5,1,5/5/2023 10:06:16 AM
4/8/2023 8:00:00 AM,4/8/2023 4:00:00 AM,525,172.6,93.6,82.7,176.2,525.0,0.0,0.88,5.8,33.6,6.0,33.4,1,5/5/2023 10:06:16 AM
4/8/2023 9:00:00 AM,4/8/2023 5:00:00 AM,800,196.9,93.6,140.7,369.0,800.0,0.0,0.87,5.8,33.6,5.3,35.3,1,5/5/2023 10:06:16 AM
4/8/2023 10:00:00 AM,4/8/2023 6:00:00 AM,800,194.7,38.3,121.2,446.1,800.0,0.0,0.86,5.8,33.6,4.1,36.2,1,5/5/2023 10:06:16 AM
4/8/2023 11:00:00 AM,4/8/2023 7:00:00 AM,800,197.2,62.5,156.1,384.2,800.0,0.0,0.89,5.8,33.6,4.5,36.3,1,5/5/2023 10:06:16 AM
4/8/2023 12:00:00 PM,4/8/2023 8:00:00 AM,525,172.9,74.6,81.8,195.6,525.0,0.0,0.90,5.8,33.6,6.5,36.1,1,5/5/2023 10:06:16 AM
4/8/2023 1:00:00 PM,4/8/2023 9:00:00 AM,525,172.9,74.6,82.9,194.6,525.0,0.0,0.90,5.8,33.6,6.1,26.4,1,5/5/2023 10:06:16 AM
4/8/2023 2:00:00 PM,4/8/2023 10:00:00 AM,525,104.8,38.3,141.7,240.2,525.0,0.0,0.91,5.8,33.6,4.4,43.0,1,5/5/2023 10:06:16 AM
4/8/2023 3:00:00 PM,4/8/2023 11:00:00 AM,525,173.0,38.3,85.1,228.8,525.0,0.0,0.90,5.8,33.6,4.3,41.5,1,5/5/2023 10:06:16 AM
4/8/2023 4:00:00 PM,4/8/2023 12:00:00 PM,525,164.5,38.3,72.2,250.1,525.0,0.0,0.86,5.8,33.6,6.0,40.6,1,5/5/2023 10:06:15 AM
4/8/2023 5:00:00 PM,4/8/2023 1:00:00 PM,525,172.7,38.3,86.3,227.9,525.0,0.0,0.90,5.8,33.6,6.5,31.7,1,5/5/2023 10:06:15 AM
4/8/2023 6:00:00 PM,4/8/2023 2:00:00 PM,525,172.7,38.3,87.5,226.7,525.0,0.0,0.89,5.8,33.6,4.4,40.9,1,5/5/2023 10:06:15 AM
4/8/2023 7:00:00 PM,4/8/2023 3:00:00 PM,525,171.9,38.3,90.7,224.5,525.0,0.0,0.87,5.8,33.6,1.0,30.3,1,5/5/2023 10:06:16 AM
4/8/2023 8:00:00 PM,4/8/2023 4:00:00 PM,525,171.9,38.3,90.5,224.6,525.0,0.0,0.81,5.8,33.6,0.4,22.2,1,5/5/2023 10:06:16 AM
4/8/2023 9:00:00 PM,4/8/2023 5:00:00 PM,800,178.9,38.3,104.9,477.5,800.0,0.0,0.88,5.8,33.6,4.6,31.0,1,5/5/2023 10:06:16 AM
4/8/2023 10:00:00 PM,4/8/2023 6:00:00 PM,800,178.9,62.5,105.1,453.2,800.0,0.0,0.90,5.8,33.6,3.6,39.8,1,5/5/2023 10:06:16 AM
4/8/2023 11:00:00 PM,4/8/2023 7:00:00 PM,800,196.7,62.5,164.0,376.8,800.0,0.0,0.89,5.8,33.6,5.7,32.8,1,5/5/2023 10:06:16 AM
4/9/2023 12:00:00 AM,4/8/2023 8:00:00 PM,800,196.7,62.5,164.6,376.2,800.0,0.0,0.90,5.8,33.6,4.5,30.9,1,5/5/2023 10:06:16 AM
4/9/2023 1:00:00 AM,4/8/2023 9:00:00 PM,800,197.0,62.5,165.0,375.6,800.0,0.0,0.89,5.8,33.6,4.1,30.2,1,5/5/2023 10:06:16 AM
4/9/2023 2:00:00 AM,4/8/2023 10:00:00 PM,800,197.0,69.4,125.7,407.8,800.0,0.0,0.87,5.8,33.6,5.8,32.8,1,5/5/2023 10:06:16 AM
4/9/2023 3:00:00 AM,4/8/2023 11:00:00 PM,800,197.0,69.4,126.5,407.2,800.0,0.0,0.86,5.8,33.6,6.1,31.9,1,5/5/2023 10:06:16 AM
4/9/2023 4:00:00 AM,4/9/2023 12:00:00 AM,525,173.4,112.3,77.8,161.8,525.0,0.0,0.88,5.8,33.5,11.1,29.6,1,5/5/2023 10:06:16 AM
4/9/2023 5:00:00 AM,4/9/2023 1:00:00 AM,525,173.4,112.3,79.8,159.9,525.0,0.0,0.87,5.8,33.5,8.4,31.0,1,5/5/2023 10:06:16 AM
4/9/2023 6:00:00 AM,4/9/2023 2:00:00 AM,525,173.4,112.3,79.7,160.1,525.0,0.0,0.90,5.8,33.5,5.9,38.4,1,5/5/2023 10:06:16 AM
4/9/2023 7:00:00 AM,4/9/2023 3:00:00 AM,525,171.8,112.3,79.0,162.4,525.0,0.0,0.89,5.8,33.5,3.5,35.3,1,5/5/2023 10:06:16 AM
4/9/2023 8:00:00 AM,4/9/2023 4:00:00 AM,525,170.7,147.4,84.7,122.8,525.0,0.0,0.88,5.8,33.5,4.6,39.1,1,5/5/2023 10:06:16 AM
4/9/2023 9:00:00 AM,4/9/2023 5:00:00 AM,800,194.8,106.6,154.8,343.6,800.0,0.0,0.88,5.8,33.5,4.4,35.2,1,5/5/2023 10:06:16 AM
4/9/2023 10:00:00 AM,4/9/2023 6:00:00 AM,800,195.2,106.6,156.9,341.3,800.0,0.0,0.89,5.8,33.5,4.8,28.6,1,5/5/2023 10:06:16 AM
4/9/2023 11:00:00 AM,4/9/2023 7:00:00 AM,800,195.5,108.3,154.6,341.6,800.0,0.0,0.90,5.8,33.5,1.2,31.9,1,5/5/2023 10:06:16 AM
4/9/2023 12:00:00 PM,4/9/2023 8:00:00 AM,525,171.0,108.3,83.6,162.2,525.0,0.0,0.88,5.8,33.5,2.6,22.6,1,5/5/2023 10:06:16 AM
4/9/2023 1:00:00 PM,4/9/2023 9:00:00 AM,525,171.0,108.3,83.8,162.0,525.0,0.0,0.89,5.8,33.5,5.0,19.1,1,5/5/2023 10:06:16 AM
4/9/2023 2:00:00 PM,4/9/2023 10:00:00 AM,525,162.7,36.4,74.8,251.3,525.0,0.0,0.90,5.8,33.5,6.5,37.6,1,5/5/2023 10:06:16 AM
4/9/2023 3:00:00 PM,4/9/2023 11:00:00 AM,525,172.2,97.3,86.5,169.3,525.0,0.0,0.87,5.8,33.5,2.8,27.1,1,5/5/2023 10:06:16 AM
4/9/2023 4:00:00 PM,4/9/2023 12:00:00 PM,525,171.0,97.3,91.1,165.7,525.0,0.0,0.91,5.8,33.5,6.1,30.6,1,5/5/2023 10:06:16 AM
4/9/2023 5:00:00 PM,4/9/2023 1:00:00 PM,525,170.8,97.3,92.0,164.9,525.0,0.0,0.90,5.8,33.5,5.3,36.7,1,5/5/2023 10:06:16 AM
4/9/2023 6:00:00 PM,4/9/2023 2:00:00 PM,525,162.8,97.3,95.9,169.1,525.0,0.0,0.89,5.8,33.5,4.2,34.5,1,5/5/2023 10:06:16 AM
4/9/2023 7:00:00 PM,4/9/2023 3:00:00 PM,525,170.8,96.4,90.8,167.2,525.0,0.0,0.89,5.8,33.5,4.5,28.4,1,5/5/2023 10:06:16 AM
4/9/2023 8:00:00 PM,4/9/2023 4:00:00 PM,525,170.8,96.4,91.1,167.1,525.0,0.0,0.85,5.8,33.5,2.3,31.5,1,5/5/2023 10:06:16 AM
4/9/2023 9:00:00 PM,4/9/2023 5:00:00 PM,800,195.2,96.4,129.7,378.8,800.0,0.0,0.87,5.8,33.5,5.6,33.5,1,5/5/2023 10:06:16 AM
4/9/2023 10:00:00 PM,4/9/2023 6:00:00 PM,800,195.2,107.5,129.6,367.6,800.0,0.0,0.88,5.8,33.5,5.2,37.4,1,5/5/2023 10:06:16 AM
4/9/2023 11:00:00 PM,4/9/2023 7:00:00 PM,800,195.2,107.5,127.1,369.9,800.0,0.0,0.89,5.8,33.5,6.5,31.0,1,5/5/2023 10:06:16 AM
4/10/2023 12:00:00 AM,4/9/2023 8:00:00 PM,800,189.7,83.2,117.2,409.8,800.0,0.0,0.90,5.8,33.5,2.9,37.3,1,5/5/2023 10:06:16 AM
4/10/2023 1:00:00 AM,4/9/2023 9:00:00 PM,800,195.6,126.4,165.6,312.5,800.0,0.0,0.89,5.8,33.5,4.0,30.5,1,5/5/2023 10:06:16 AM
4/10/2023 2:00:00 AM,4/9/2023 10:00:00 PM,800,195.6,149.3,126.9,328.4,800.0,0.0,0.88,5.8,33.5,5.8,33.1,1,5/5/2023 10:06:16 AM
4/10/2023 3:00:00 AM,4/9/2023 11:00:00 PM,800,195.6,149.3,126.3,329.1,800.0,0.0,0.86,5.8,33.5,5.3,33.5,1,5/5/2023 10:06:16 AM
4/10/2023 4:00:00 AM,4/10/2023 12:00:00 AM,525,171.8,149.2,79.1,125.0,525.0,0.0,0.91,5.8,33.5,6.7,32.8,1,5/5/2023 10:06:16 AM
4/10/2023 5:00:00 AM,4/10/2023 1:00:00 AM,525,171.8,149.2,82.3,121.8,525.0,0.0,0.91,5.8,33.5,6.6,44.8,1,5/5/2023 10:06:15 AM
4/10/2023 6:00:00 AM,4/10/2023 2:00:00 AM,525,171.8,149.2,79.9,124.4,525.0,0.0,0.90,5.8,33.5,6.0,33.8,1,5/5/2023 10:06:15 AM
4/10/2023 7:00:00 AM,4/10/2023 3:00:00 AM,525,171.8,149.2,79.7,124.6,525.0,0.0,0.90,5.8,33.5,8.6,29.7,1,5/5/2023 10:06:16 AM
4/10/2023 8:00:00 AM,4/10/2023 4:00:00 AM,525,170.6,139.0,85.8,129.6,525.0,0.0,0.90,5.8,33.5,10.0,32.8,1,5/5/2023 10:06:16 AM
4/10/2023 9:00:00 AM,4/10/2023 5:00:00 AM,800,195.1,2.0,159.1,443.4,800.0,0.0,0.86,5.8,33.5,2.8,22.3,1,5/5/2023 10:06:16 AM
4/10/2023 10:00:00 AM,4/10/2023 6:00:00 AM,800,195.4,28.2,162.2,414.1,800.0,0.0,0.89,5.8,33.5,7.1,34.1,1,5/5/2023 10:06:16 AM
4/10/2023 11:00:00 AM,4/10/2023 7:00:00 AM,800,195.6,53.3,163.5,387.2,800.0,0.0,0.87,5.8,33.5,1.8,24.7,1,5/5/2023 10:06:16 AM
4/10/2023 12:00:00 PM,4/10/2023 8:00:00 AM,525,170.4,53.3,90.6,210.8,525.0,0.0,0.82,5.8,33.5,1.0,16.7,1,5/5/2023 10:06:16 AM
4/10/2023 1:00:00 PM,4/10/2023 9:00:00 AM,525,170.8,89.5,87.7,177.1,525.0,0.0,0.91,5.8,33.5,5.4,38.2,1,5/5/2023 10:06:16 AM
4/10/2023 2:00:00 PM,4/10/2023 10:00:00 AM,525,172.2,2.0,80.5,270.1,525.0,0.0,0.91,5.8,33.5,7.8,38.5,1,5/5/2023 10:06:16 AM
4/10/2023 3:00:00 PM,4/10/2023 11:00:00 AM,525,170.7,28.2,85.5,240.4,525.0,0.0,0.90,5.8,33.5,7.3,44.5,1,5/5/2023 10:06:16 AM
4/10/2023 4:00:00 PM,4/10/2023 12:00:00 PM,525,170.7,102.9,85.2,166.0,525.0,0.0,0.91,5.8,33.5,6.4,42.8,1,5/5/2023 10:06:16 AM
4/10/2023 5:00:00 PM,4/10/2023 1:00:00 PM,525,173.4,102.9,86.1,162.7,525.0,0.0,0.90,5.8,33.5,7.6,31.2,1,5/5/2023 10:06:16 AM
4/10/2023 6:00:00 PM,4/10/2023 2:00:00 PM,525,173.5,102.9,84.8,163.9,525.0,0.0,0.90,5.8,33.5,7.1,28.1,1,5/5/2023 10:06:16 AM
4/10/2023 7:00:00 PM,4/10/2023 3:00:00 PM,525,173.5,102.4,84.6,164.3,525.0,0.0,0.90,5.8,33.5,3.9,34.7,1,5/5/2023 10:06:16 AM
4/10/2023 8:00:00 PM,4/10/2023 4:00:00 PM,525,170.3,102.4,95.5,157.0,525.0,0.0,0.89,5.8,33.5,5.4,32.0,1,5/5/2023 10:06:16 AM
4/10/2023 9:00:00 PM,4/10/2023 5:00:00 PM,800,199.1,31.9,171.7,397.2,800.0,0.0,0.88,5.8,33.5,5.2,32.3,1,5/5/2023 10:06:16 AM
4/10/2023 10:00:00 PM,4/10/2023 6:00:00 PM,800,201.0,31.9,165.1,402.0,800.0,0.0,0.89,5.8,33.5,6.2,30.0,1,5/5/2023 10:06:16 AM
4/10/2023 11:00:00 PM,4/10/2023 7:00:00 PM,800,201.2,56.9,162.4,379.6,800.0,0.0,0.89,5.8,33.5,3.8,26.2,1,5/5/2023 10:06:16 AM
4/11/2023 12:00:00 AM,4/10/2023 8:00:00 PM,800,201.2,56.9,163.0,379.0,800.0,0.0,0.93,5.8,33.5,3.1,30.1,1,5/5/2023 10:06:16 AM
4/11/2023 1:00:00 AM,4/10/2023 9:00:00 PM,800,199.9,56.9,162.5,380.4,800.0,0.0,0.90,5.8,33.5,1.9,23.2,1,5/5/2023 10:06:16 AM
4/11/2023 2:00:00 AM,4/10/2023 10:00:00 PM,800,200.0,158.4,125.0,316.4,800.0,0.0,0.80,5.8,33.5,4.1,27.7,1,5/5/2023 10:06:16 AM
4/11/2023 3:00:00 AM,4/10/2023 11:00:00 PM,800,200.0,104.1,123.9,372.0,800.0,0.0,0.85,5.8,33.5,4.6,22.7,1,5/5/2023 10:06:16 AM
4/11/2023 4:00:00 AM,4/11/2023 12:00:00 AM,525,173.8,104.5,76.8,169.7,525.0,0.0,0.86,5.8,33.5,3.5,31.3,1,5/5/2023 10:06:16 AM
4/11/2023 5:00:00 AM,4/11/2023 1:00:00 AM,525,173.8,104.5,78.2,168.3,525.0,0.0,0.85,5.8,33.5,9.7,41.2,1,5/5/2023 10:06:16 AM
4/11/2023 6:00:00 AM,4/11/2023 2:00:00 AM,525,173.8,104.5,76.8,169.8,525.0,0.0,0.87,5.8,33.5,9.4,28.8,1,5/5/2023 10:06:16 AM
4/11/2023 7:00:00 AM,4/11/2023 3:00:00 AM,525,140.4,104.5,90.4,189.6,525.0,0.0,0.87,5.8,33.5,9.9,42.3,1,5/5/2023 10:06:16 AM
4/11/2023 8:00:00 AM,4/11/2023 4:00:00 AM,525,139.2,94.3,98.5,192.9,525.0,0.0,0.89,5.8,33.5,8.6,36.4,1,5/5/2023 10:06:16 AM
4/11/2023 9:00:00 AM,4/11/2023 5:00:00 AM,800,157.3,94.3,129.3,419.4,800.0,0.0,0.89,5.8,33.5,4.1,38.2,1,5/5/2023 10:06:16 AM
4/11/2023 10:00:00 AM,4/11/2023 6:00:00 AM,800,157.5,30.2,178.8,433.6,800.0,0.0,0.89,5.8,33.5,5.6,42.3,1,5/5/2023 10:06:16 AM
4/11/2023 11:00:00 AM,4/11/2023 7:00:00 AM,800,143.5,30.2,223.8,402.5,800.0,0.0,0.88,5.8,33.5,3.2,23.2,1,5/5/2023 10:06:16 AM
4/11/2023 12:00:00 PM,4/11/2023 8:00:00 AM,525,139.4,91.7,105.1,188.9,525.0,0.0,0.89,5.8,33.5,6.1,23.8,1,5/5/2023 10:06:16 AM
4/11/2023 1:00:00 PM,4/11/2023 9:00:00 AM,525,141.1,0.0,94.4,289.1,525.0,0.0,0.90,5.8,33.5,8.0,33.2,1,5/5/2023 10:06:16 AM
4/11/2023 2:00:00 PM,4/11/2023 10:00:00 AM,525,141.1,30.2,108.5,245.0,525.0,0.0,0.87,5.8,33.5,7.9,27.8,1,5/5/2023 10:06:16 AM
4/11/2023 3:00:00 PM,4/11/2023 11:00:00 AM,525,142.2,30.2,101.0,251.5,525.0,0.0,0.89,5.8,33.5,4.9,35.1,1,5/5/2023 10:06:16 AM
4/11/2023 4:00:00 PM,4/11/2023 12:00:00 PM,525,142.2,54.7,109.4,218.7,525.0,0.0,0.90,5.8,33.5,9.0,33.8,1,5/5/2023 10:06:16 AM
4/11/2023 5:00:00 PM,4/11/2023 1:00:00 PM,525,141.9,54.7,103.0,225.3,525.0,0.0,0.89,5.8,33.5,5.7,30.6,1,5/5/2023 10:06:16 AM
4/11/2023 6:00:00 PM,4/11/2023 2:00:00 PM,525,143.6,30.2,108.5,242.7,525.0,0.0,0.89,5.8,33.5,7.5,34.4,1,5/5/2023 10:06:16 AM
4/11/2023 7:00:00 PM,4/11/2023 3:00:00 PM,525,143.7,30.2,104.8,246.2,525.0,0.0,0.90,5.8,33.5,5.3,41.1,1,5/5/2023 10:06:16 AM
4/11/2023 8:00:00 PM,4/11/2023 4:00:00 PM,525,132.7,30.2,84.2,277.8,525.0,0.0,0.87,5.8,33.5,5.9,33.4,1,5/5/2023 10:06:15 AM
4/11/2023 9:00:00 PM,4/11/2023 5:00:00 PM,800,162.2,30.2,166.5,441.1,800.0,0.0,0.86,5.8,33.5,4.7,41.1,1,5/5/2023 10:06:15 AM
4/11/2023 10:00:00 PM,4/11/2023 6:00:00 PM,800,203.1,30.2,152.7,414.2,800.0,0.0,0.90,5.8,33.5,3.8,30.2,1,5/5/2023 10:06:16 AM
4/11/2023 11:00:00 PM,4/11/2023 7:00:00 PM,800,200.9,30.2,155.5,413.7,800.0,0.0,0.89,5.8,33.5,4.8,35.3,1,5/5/2023 10:06:16 AM
4/12/2023 12:00:00 AM,4/11/2023 8:00:00 PM,800,203.3,32.1,152.9,411.9,800.0,0.0,0.91,5.8,33.5,5.1,19.6,1,5/5/2023 10:06:16 AM
4/12/2023 1:00:00 AM,4/11/2023 9:00:00 PM,800,202.9,103.8,145.4,347.9,800.0,0.0,0.85,5.8,33.5,1.8,17.6,1,5/5/2023 10:06:16 AM
4/12/2023 2:00:00 AM,4/11/2023 10:00:00 PM,800,200.9,99.4,125.3,374.4,800.0,0.0,0.87,5.8,33.5,7.1,31.8,1,5/5/2023 10:06:16 AM
4/12/2023 3:00:00 AM,4/11/2023 11:00:00 PM,800,200.9,99.4,124.6,374.9,800.0,0.0,0.87,5.8,33.5,3.2,38.3,1,5/5/2023 10:06:16 AM
4/12/2023 4:00:00 AM,4/12/2023 12:00:00 AM,525,174.5,155.6,85.7,107.8,523.5,1.4,0.89,5.8,33.3,6.0,22.4,1,5/5/2023 10:06:16 AM
4/12/2023 5:00:00 AM,4/12/2023 1:00:00 AM,525,174.5,191.5,79.8,79.2,525.0,0.0,0.89,5.8,33.3,8.2,31.5,1,5/5/2023 10:06:16 AM
4/12/2023 6:00:00 AM,4/12/2023 2:00:00 AM,525,174.5,200.9,72.8,76.9,525.0,0.0,0.88,5.8,33.3,8.2,38.9,1,5/5/2023 10:06:16 AM
4/12/2023 7:00:00 AM,4/12/2023 3:00:00 AM,525,174.5,200.9,78.9,70.7,525.0,0.0,0.89,5.8,33.3,6.5,41.0,1,5/5/2023 10:06:16 AM
4/12/2023 8:00:00 AM,4/12/2023 4:00:00 AM,525,173.0,165.1,84.7,102.0,525.0,0.0,0.90,5.8,33.3,8.0,33.5,1,5/5/2023 10:06:16 AM
4/12/2023 9:00:00 AM,4/12/2023 5:00:00 AM,800,199.1,200.9,123.6,276.1,800.0,0.0,0.89,5.8,33.3,5.6,35.8,1,5/5/2023 10:06:16 AM
4/12/2023 10:00:00 AM,4/12/2023 6:00:00 AM,800,199.4,92.6,124.5,383.4,800.0,0.0,0.89,5.8,33.3,5.1,37.0,1,5/5/2023 10:06:16 AM
4/12/2023 11:00:00 AM,4/12/2023 7:00:00 AM,800,184.7,117.9,104.6,392.8,800.0,0.0,0.86,5.8,33.3,4.6,35.1,1,5/5/2023 10:06:16 AM
4/12/2023 12:00:00 PM,4/12/2023 8:00:00 AM,525,153.1,117.9,83.1,170.9,525.0,0.0,0.93,5.8,33.3,4.8,30.0,1,5/5/2023 10:06:16 AM
4/12/2023 1:00:00 PM,4/12/2023 9:00:00 AM,525,167.3,117.9,91.7,148.0,525.0,0.0,0.93,5.8,33.3,5.0,42.4,1,5/5/2023 10:06:16 AM
4/12/2023 2:00:00 PM,4/12/2023 10:00:00 AM,525,165.6,107.7,88.6,163.2,525.0,0.0,0.89,5.8,33.3,4.4,36.4,1,5/5/2023 10:06:16 AM
4/12/2023 3:00:00 PM,4/12/2023 11:00:00 AM,525,168.1,56.8,89.4,210.9,525.0,0.0,0.89,5.8,33.3,8.0,35.4,1,5/5/2023 10:06:16 AM
4/12/2023 4:00:00 PM,4/12/2023 12:00:00 PM,525,169.3,56.8,90.2,208.7,525.0,0.0,0.89,5.8,33.3,8.8,37.4,1,5/5/2023 10:06:16 AM
4/12/2023 5:00:00 PM,4/12/2023 1:00:00 PM,525,170.6,83.7,95.7,174.7,525.0,0.0,0.89,5.8,33.3,7.3,36.3,1,5/5/2023 10:06:16 AM
4/12/2023 6:00:00 PM,4/12/2023 2:00:00 PM,525,170.6,77.6,94.4,182.4,525.0,0.0,0.92,5.8,33.3,8.5,41.8,1,5/5/2023 10:06:16 AM
4/12/2023 7:00:00 PM,4/12/2023 3:00:00 PM,525,172.0,77.2,92.0,183.9,525.0,0.0,0.89,5.8,33.3,5.8,29.1,1,5/5/2023 10:06:16 AM
4/12/2023 8:00:00 PM,4/12/2023 4:00:00 PM,525,159.4,77.2,81.6,206.9,525.0,0.0,0.80,5.8,33.3,5.6,29.5,1,5/5/2023 10:06:16 AM
4/12/2023 9:00:00 PM,4/12/2023 5:00:00 PM,800,181.9,89.0,112.0,416.8,800.0,0.0,0.87,5.8,33.3,5.1,34.8,1,5/5/2023 10:06:16 AM
4/12/2023 10:00:00 PM,4/12/2023 6:00:00 PM,800,184.0,94.6,98.1,423.1,800.0,0.0,0.82,5.8,33.3,6.1,29.7,1,5/5/2023 10:06:16 AM
4/12/2023 11:00:00 PM,4/12/2023 7:00:00 PM,800,183.5,94.6,103.6,418.1,800.0,0.0,0.86,5.8,33.3,4.4,31.5,1,5/5/2023 10:06:16 AM
4/13/2023 12:00:00 AM,4/12/2023 8:00:00 PM,800,183.5,94.6,104.6,416.9,800.0,0.0,0.90,5.8,33.3,4.5,35.8,1,5/5/2023 10:06:16 AM
4/13/2023 1:00:00 AM,4/12/2023 9:00:00 PM,800,201.6,104.9,131.4,362.0,800.0,0.0,0.91,5.8,33.3,2.1,32.8,1,5/5/2023 10:06:16 AM
4/13/2023 2:00:00 AM,4/12/2023 10:00:00 PM,800,201.5,133.3,126.5,338.4,800.0,0.0,0.89,5.8,33.3,4.2,22.7,1,5/5/2023 10:06:16 AM
4/13/2023 3:00:00 AM,4/12/2023 11:00:00 PM,800,201.5,133.7,125.4,339.0,800.0,0.0,0.88,5.8,33.3,5.2,34.2,1,5/5/2023 10:06:16 AM
4/13/2023 4:00:00 AM,4/13/2023 12:00:00 AM,525,173.4,98.4,81.2,172.1,525.0,0.0,0.88,5.9,33.1,10.2,27.2,1,5/5/2023 10:06:16 AM
4/13/2023 5:00:00 AM,4/13/2023 1:00:00 AM,525,174.8,99.2,81.4,169.6,525.0,0.0,0.90,5.9,33.1,7.6,32.6,1,5/5/2023 10:06:16 AM
4/13/2023 6:00:00 AM,4/13/2023 2:00:00 AM,525,175.4,108.6,78.0,163.3,525.0,0.0,0.90,5.9,33.1,7.5,30.7,1,5/5/2023 10:06:16 AM
4/13/2023 7:00:00 AM,4/13/2023 3:00:00 AM,525,175.4,207.5,77.4,64.8,525.0,0.0,0.89,5.9,33.1,9.2,24.5,1,5/5/2023 10:06:16 AM
4/13/2023 8:00:00 AM,4/13/2023 4:00:00 AM,525,173.9,207.5,83.9,59.9,525.0,0.0,0.89,5.9,33.1,7.2,40.9,1,5/5/2023 10:06:16 AM
4/13/2023 9:00:00 AM,4/13/2023 5:00:00 AM,800,200.3,190.1,119.6,289.9,800.0,0.0,0.91,5.9,33.1,3.2,38.8,1,5/5/2023 10:06:16 AM
4/13/2023 10:00:00 AM,4/13/2023 6:00:00 AM,800,200.6,170.9,124.1,304.3,800.0,0.0,0.89,5.9,33.1,5.2,31.3,1,5/5/2023 10:06:16 AM
4/13/2023 11:00:00 AM,4/13/2023 7:00:00 AM,800,187.0,170.9,106.5,335.6,800.0,0.0,0.91,5.9,33.1,2.8,41.2,1,5/5/2023 10:06:15 AM
4/13/2023 12:00:00 PM,4/13/2023 8:00:00 AM,525,149.4,180.4,74.5,121.2,525.0,0.0,0.93,5.9,33.1,5.4,42.5,1,5/5/2023 10:06:15 AM
4/13/2023 1:00:00 PM,4/13/2023 9:00:00 AM,525,172.1,169.2,88.6,95.1,525.0,0.0,0.90,5.9,33.1,6.9,46.7,1,5/5/2023 10:06:16 AM
4/13/2023 2:00:00 PM,4/13/2023 10:00:00 AM,525,171.2,178.7,92.0,83.3,525.0,0.0,0.89,5.9,33.1,3.5,19.7,1,5/5/2023 10:06:16 AM
4/13/2023 3:00:00 PM,4/13/2023 11:00:00 AM,525,171.2,177.4,93.5,83.1,525.0,0.0,0.88,5.9,33.1,6.8,37.6,1,5/5/2023 10:06:16 AM
4/13/2023 4:00:00 PM,4/13/2023 12:00:00 PM,525,171.2,68.7,94.2,191.1,525.0,0.0,0.84,5.9,33.1,8.2,33.8,1,5/5/2023 10:06:16 AM
4/13/2023 5:00:00 PM,4/13/2023 1:00:00 PM,525,170.5,42.6,94.5,217.2,525.0,0.0,0.89,5.9,33.1,8.8,25.3,1,5/5/2023 10:06:16 AM
4/13/2023 6:00:00 PM,4/13/2023 2:00:00 PM,525,170.5,159.8,91.8,102.6,525.0,0.0,0.88,5.9,33.1,7.0,26.4,1,5/5/2023 10:06:16 AM
4/13/2023 7:00:00 PM,4/13/2023 3:00:00 PM,525,170.5,125.1,92.1,129.1,517.0,8.0,0.93,5.9,33.1,5.6,43.1,1,5/5/2023 10:06:16 AM
4/13/2023 8:00:00 PM,4/13/2023 4:00:00 PM,525,153.4,179.7,66.7,126.6,526.5,0.0,0.89,5.9,33.1,4.3,42.9,1,5/5/2023 10:06:16 AM
4/13/2023 9:00:00 PM,4/13/2023 5:00:00 PM,800,178.5,135.4,124.6,361.5,800.0,0.0,0.89,5.9,33.1,7.9,36.0,1,5/5/2023 10:06:16 AM
4/13/2023 10:00:00 PM,4/13/2023 6:00:00 PM,800,198.7,135.4,156.4,309.5,800.0,0.0,0.89,5.9,33.1,3.0,24.0,1,5/5/2023 10:06:16 AM
4/13/2023 11:00:00 PM,4/13/2023 7:00:00 PM,800,199.6,135.4,153.8,311.3,800.0,0.0,0.88,5.9,33.1,6.4,31.4,1,5/5/2023 10:06:16 AM
4/14/2023 12:00:00 AM,4/13/2023 8:00:00 PM,800,199.3,117.6,150.8,332.5,800.0,0.0,0.89,5.9,33.1,3.9,38.0,1,5/5/2023 10:06:16 AM
4/14/2023 1:00:00 AM,4/13/2023 9:00:00 PM,800,199.9,117.6,157.0,325.7,800.0,0.0,0.91,5.9,33.1,0.6,27.7,1,5/5/2023 10:06:16 AM
4/14/2023 2:00:00 AM,4/13/2023 10:00:00 PM,800,199.8,154.6,127.6,318.3,800.0,0.0,0.91,5.9,33.1,2.8,34.7,1,5/5/2023 10:06:16 AM
4/14/2023 3:00:00 AM,4/13/2023 11:00:00 PM,800,199.9,154.6,125.5,319.9,800.0,0.0,0.87,5.9,33.1,8.2,25.9,1,5/5/2023 10:06:16 AM
4/14/2023 4:00:00 AM,4/14/2023 12:00:00 AM,525,174.6,138.1,78.6,133.8,525.0,0.0,0.89,5.8,32.9,9.8,34.8,1,5/5/2023 10:06:16 AM
4/14/2023 5:00:00 AM,4/14/2023 1:00:00 AM,525,174.7,127.8,80.0,142.7,525.0,0.0,0.89,5.8,32.9,10.4,36.1,1,5/5/2023 10:06:16 AM
4/14/2023 6:00:00 AM,4/14/2023 2:00:00 AM,525,174.7,127.8,78.5,144.0,525.0,0.0,0.90,5.8,32.9,4.8,38.9,1,5/5/2023 10:06:16 AM
4/14/2023 7:00:00 AM,4/14/2023 3:00:00 AM,525,174.7,111.5,77.3,161.7,525.0,0.0,0.90,5.8,32.9,5.9,45.5,1,5/5/2023 10:06:16 AM
4/14/2023 8:00:00 AM,4/14/2023 4:00:00 AM,525,171.5,111.9,85.4,156.1,525.0,0.0,0.88,5.8,32.9,7.8,43.6,1,5/5/2023 10:06:16 AM
4/14/2023 9:00:00 AM,4/14/2023 5:00:00 AM,800,198.3,42.4,158.9,400.4,800.0,0.0,0.89,5.8,32.9,6.2,35.6,1,5/5/2023 10:06:16 AM
4/14/2023 10:00:00 AM,4/14/2023 6:00:00 AM,800,197.8,42.4,149.3,410.2,800.0,0.0,0.86,5.8,32.9,4.4,30.0,1,5/5/2023 10:06:16 AM
4/14/2023 11:00:00 AM,4/14/2023 7:00:00 AM,800,199.2,66.4,162.8,371.8,800.0,0.0,0.86,5.8,32.9,6.2,39.3,1,5/5/2023 10:06:16 AM
4/14/2023 12:00:00 PM,4/14/2023 8:00:00 AM,525,169.1,66.4,95.9,193.7,525.0,0.0,0.88,5.8,32.9,5.9,31.5,1,5/5/2023 10:06:16 AM
4/14/2023 1:00:00 PM,4/14/2023 9:00:00 AM,525,168.8,66.4,93.6,196.1,525.0,0.0,0.90,5.8,32.9,6.0,35.0,1,5/5/2023 10:06:16 AM
4/14/2023 2:00:00 PM,4/14/2023 10:00:00 AM,525,177.9,42.4,84.9,219.8,525.0,0.0,0.90,5.8,32.9,6.9,25.6,1,5/5/2023 10:06:16 AM
4/14/2023 3:00:00 PM,4/14/2023 11:00:00 AM,525,177.9,42.4,81.8,223.0,525.0,0.0,0.91,5.8,32.9,5.7,32.3,1,5/5/2023 10:06:16 AM
4/14/2023 4:00:00 PM,4/14/2023 12:00:00 PM,525,177.9,42.4,82.6,222.1,525.0,0.0,0.91,5.8,32.9,5.4,30.8,1,5/5/2023 10:06:16 AM
4/14/2023 5:00:00 PM,4/14/2023 1:00:00 PM,525,177.1,42.4,86.5,219.1,525.0,0.0,0.88,5.8,32.9,7.0,40.6,1,5/5/2023 10:06:16 AM
4/14/2023 6:00:00 PM,4/14/2023 2:00:00 PM,525,177.1,50.5,87.8,209.7,525.0,0.0,0.90,5.8,32.9,5.1,41.4,1,5/5/2023 10:06:16 AM
4/14/2023 7:00:00 PM,4/14/2023 3:00:00 PM,525,177.1,50.5,87.5,209.9,525.0,0.0,0.91,5.8,32.9,3.4,32.3,1,5/5/2023 10:06:16 AM
4/14/2023 8:00:00 PM,4/14/2023 4:00:00 PM,525,177.4,50.5,89.3,207.9,525.0,0.0,0.89,5.8,32.9,7.5,29.8,1,5/5/2023 10:06:16 AM
4/14/2023 9:00:00 PM,4/14/2023 5:00:00 PM,800,204.9,50.5,165.9,378.8,800.0,0.0,0.89,5.8,32.9,5.3,30.5,1,5/5/2023 10:06:16 AM
4/14/2023 10:00:00 PM,4/14/2023 6:00:00 PM,800,207.8,56.0,150.7,385.3,800.0,0.0,0.86,5.8,32.9,5.1,28.6,1,5/5/2023 10:06:16 AM
4/14/2023 11:00:00 PM,4/14/2023 7:00:00 PM,800,208.3,56.0,120.7,414.9,800.0,0.0,0.90,5.8,32.9,5.0,37.7,1,5/5/2023 10:06:16 AM
4/15/2023 12:00:00 AM,4/14/2023 8:00:00 PM,800,208.2,56.0,155.2,380.8,800.0,0.0,0.90,5.8,32.9,4.9,31.6,1,5/5/2023 10:06:16 AM
4/15/2023 1:00:00 AM,4/14/2023 9:00:00 PM,800,200.5,66.1,107.9,425.6,800.0,0.0,0.89,5.8,32.9,4.3,30.2,1,5/5/2023 10:06:16 AM
4/15/2023 2:00:00 AM,4/14/2023 10:00:00 PM,800,208.4,174.0,118.0,299.7,800.0,0.0,0.88,5.8,32.9,1.1,34.1,1,5/5/2023 10:06:15 AM
4/15/2023 3:00:00 AM,4/14/2023 11:00:00 PM,800,208.4,174.0,117.0,300.7,800.0,0.0,0.90,5.8,32.9,3.0,39.3,1,5/5/2023 10:06:15 AM
4/15/2023 4:00:00 AM,4/15/2023 12:00:00 AM,525,176.8,168.9,86.9,92.3,525.0,0.0,0.90,5.8,32.9,3.0,27.7,1,5/5/2023 10:06:15 AM
4/15/2023 5:00:00 AM,4/15/2023 1:00:00 AM,525,175.8,168.9,91.7,88.6,525.0,0.0,0.88,5.8,32.9,6.3,27.7,1,5/5/2023 10:06:15 AM
4/15/2023 6:00:00 AM,4/15/2023 2:00:00 AM,525,182.1,169.8,75.6,97.1,525.0,0.0,0.87,5.8,32.9,5.0,31.1,1,5/5/2023 10:06:16 AM
4/15/2023 7:00:00 AM,4/15/2023 3:00:00 AM,525,190.8,170.6,73.1,90.3,525.0,0.0,0.91,5.8,32.9,6.4,37.1,1,5/5/2023 10:06:16 AM
4/15/2023 8:00:00 AM,4/15/2023 4:00:00 AM,525,184.6,201.4,85.8,53.2,525.0,0.0,0.91,5.8,32.9,5.3,29.6,1,5/5/2023 10:06:16 AM
4/15/2023 9:00:00 AM,4/15/2023 5:00:00 AM,800,215.8,135.1,157.9,291.1,800.0,0.0,0.89,5.8,32.9,1.1,25.1,1,5/5/2023 10:06:16 AM
4/15/2023 10:00:00 AM,4/15/2023 6:00:00 AM,800,215.8,65.8,158.7,359.7,800.0,0.0,0.88,5.8,32.9,5.9,34.1,1,5/5/2023 10:06:16 AM
4/15/2023 11:00:00 AM,4/15/2023 7:00:00 AM,800,216.6,65.8,157.4,360.3,800.0,0.0,0.91,5.8,32.9,4.1,28.9,1,5/5/2023 10:06:16 AM
4/15/2023 12:00:00 PM,4/15/2023 8:00:00 AM,525,190.8,65.8,75.8,192.2,525.0,0.0,0.88,5.8,32.9,5.0,23.0,1,5/5/2023 10:06:16 AM
4/15/2023 1:00:00 PM,4/15/2023 9:00:00 AM,525,191.0,60.3,74.5,198.9,525.0,0.0,0.91,5.8,32.9,9.2,43.8,1,5/5/2023 10:06:16 AM
4/15/2023 2:00:00 PM,4/15/2023 10:00:00 AM,525,184.8,60.3,90.3,189.5,525.0,0.0,0.90,5.8,32.9,7.6,33.2,1,5/5/2023 10:06:16 AM
4/15/2023 3:00:00 PM,4/15/2023 11:00:00 AM,525,184.8,87.7,90.3,162.0,525.0,0.0,0.90,5.8,32.9,5.7,39.7,1,5/5/2023 10:06:16 AM
4/15/2023 4:00:00 PM,4/15/2023 12:00:00 PM,525,184.8,87.7,90.1,162.3,525.0,0.0,0.89,5.8,32.9,5.8,24.8,1,5/5/2023 10:06:16 AM
4/15/2023 5:00:00 PM,4/15/2023 1:00:00 PM,525,184.2,86.8,90.4,163.6,525.0,0.0,0.90,5.8,32.9,8.3,31.4,1,5/5/2023 10:06:16 AM
4/15/2023 6:00:00 PM,4/15/2023 2:00:00 PM,525,184.3,86.8,90.1,163.8,525.0,0.0,0.89,5.8,32.9,7.8,32.7,1,5/5/2023 10:06:16 AM
4/15/2023 7:00:00 PM,4/15/2023 3:00:00 PM,525,184.3,86.8,90.6,163.3,525.0,0.0,0.90,5.8,32.9,5.3,27.5,1,5/5/2023 10:06:16 AM
4/15/2023 8:00:00 PM,4/15/2023 4:00:00 PM,525,185.0,87.7,89.2,163.2,525.0,0.0,0.91,5.8,32.9,5.8,38.6,1,5/5/2023 10:06:16 AM
4/15/2023 9:00:00 PM,4/15/2023 5:00:00 PM,800,216.4,87.7,165.1,331.2,800.0,0.0,0.91,5.8,32.9,4.6,37.5,1,5/5/2023 10:06:16 AM
4/15/2023 10:00:00 PM,4/15/2023 6:00:00 PM,800,216.4,94.0,154.5,335.3,800.0,0.0,0.89,5.8,32.9,4.8,36.1,1,5/5/2023 10:06:16 AM
4/15/2023 11:00:00 PM,4/15/2023 7:00:00 PM,800,216.2,94.9,164.7,324.5,800.0,0.0,0.87,5.8,32.9,5.0,36.4,1,5/5/2023 10:06:16 AM
4/16/2023 12:00:00 AM,4/15/2023 8:00:00 PM,800,214.8,94.9,155.7,334.8,800.0,0.0,0.89,5.8,32.9,4.4,33.9,1,5/5/2023 10:06:16 AM
4/16/2023 1:00:00 AM,4/15/2023 9:00:00 PM,800,214.9,95.8,156.0,333.4,800.0,0.0,0.90,5.8,32.9,2.0,26.6,1,5/5/2023 10:06:16 AM
4/16/2023 2:00:00 AM,4/15/2023 10:00:00 PM,800,216.3,133.0,129.0,321.6,800.0,0.0,0.87,5.8,32.9,5.8,29.4,1,5/5/2023 10:06:16 AM
4/16/2023 3:00:00 AM,4/15/2023 11:00:00 PM,800,216.3,133.0,129.6,320.9,800.0,0.0,0.87,5.8,32.9,5.3,21.9,1,5/5/2023 10:06:16 AM
4/16/2023 4:00:00 AM,4/16/2023 12:00:00 AM,525,184.6,122.8,86.6,131.2,525.0,0.0,0.91,5.8,33.0,7.9,35.2,1,5/5/2023 10:06:16 AM
4/16/2023 5:00:00 AM,4/16/2023 1:00:00 AM,525,184.6,122.7,88.4,129.4,525.0,0.0,0.90,5.8,33.0,5.6,15.4,1,5/5/2023 10:06:16 AM
4/16/2023 6:00:00 AM,4/16/2023 2:00:00 AM,525,190.8,123.5,75.9,134.6,525.0,0.0,0.91,5.8,33.0,4.9,38.3,1,5/5/2023 10:06:16 AM
4/16/2023 7:00:00 AM,4/16/2023 3:00:00 AM,525,191.5,124.4,72.7,136.1,525.0,0.0,0.87,5.8,33.0,5.1,29.0,1,5/5/2023 10:06:16 AM
4/16/2023 8:00:00 AM,4/16/2023 4:00:00 AM,525,185.3,124.4,85.2,130.2,525.0,0.0,0.89,5.8,33.0,10.5,31.7,1,5/5/2023 10:06:16 AM
4/16/2023 9:00:00 AM,4/16/2023 5:00:00 AM,800,216.5,87.2,150.5,345.7,800.0,0.0,0.90,5.8,33.0,6.2,22.5,1,5/5/2023 10:06:16 AM
4/16/2023 10:00:00 AM,4/16/2023 6:00:00 AM,800,215.7,101.7,150.8,332.0,800.0,0.0,0.87,5.8,33.0,6.7,25.9,1,5/5/2023 10:06:16 AM
4/16/2023 11:00:00 AM,4/16/2023 7:00:00 AM,800,217.4,101.7,142.3,338.7,800.0,0.0,0.89,5.8,33.0,7.6,31.7,1,5/5/2023 10:06:16 AM
4/16/2023 12:00:00 PM,4/16/2023 8:00:00 AM,525,191.5,143.4,72.9,116.8,525.0,0.0,0.90,5.8,33.0,8.6,31.2,1,5/5/2023 10:06:16 AM
4/16/2023 1:00:00 PM,4/16/2023 9:00:00 AM,525,191.7,134.4,73.3,125.2,525.0,0.0,0.87,5.8,33.0,11.1,28.5,1,5/5/2023 10:06:16 AM
4/16/2023 2:00:00 PM,4/16/2023 10:00:00 AM,525,185.5,102.9,87.4,148.9,525.0,0.0,0.88,5.8,33.0,4.9,26.3,1,5/5/2023 10:06:16 AM
4/16/2023 3:00:00 PM,4/16/2023 11:00:00 AM,525,182.1,72.9,81.3,188.5,525.0,0.0,0.89,5.8,33.0,3.7,29.0,1,5/5/2023 10:06:16 AM
4/16/2023 4:00:00 PM,4/16/2023 12:00:00 PM,525,185.5,72.9,87.2,179.0,525.0,0.0,0.90,5.8,33.0,8.2,27.0,1,5/5/2023 10:06:16 AM
4/16/2023 5:00:00 PM,4/16/2023 1:00:00 PM,525,185.5,92.7,86.2,160.2,525.0,0.0,0.88,5.8,33.0,5.5,26.6,1,5/5/2023 10:06:15 AM
4/16/2023 6:00:00 PM,4/16/2023 2:00:00 PM,525,185.6,92.7,86.5,160.1,525.0,0.0,0.88,5.8,33.0,8.1,28.4,1,5/5/2023 10:06:15 AM
4/16/2023 7:00:00 PM,4/16/2023 3:00:00 PM,525,185.7,92.7,85.7,160.7,525.0,0.0,0.91,5.8,33.0,9.9,28.5,1,5/5/2023 10:06:15 AM
4/16/2023 8:00:00 PM,4/16/2023 4:00:00 PM,525,185.7,92.7,87.1,159.4,525.0,0.0,0.88,5.8,33.0,10.4,25.6,1,5/5/2023 10:06:15 AM
4/16/2023 9:00:00 PM,4/16/2023 5:00:00 PM,800,216.9,92.7,160.5,329.7,800.0,0.0,0.88,5.8,33.0,5.7,25.7,1,5/5/2023 10:06:15 AM
4/16/2023 10:00:00 PM,4/16/2023 6:00:00 PM,800,216.9,98.2,160.2,324.4,800.0,0.0,0.87,5.8,33.0,4.6,22.7,1,5/5/2023 10:06:16 AM
4/16/2023 11:00:00 PM,4/16/2023 7:00:00 PM,800,216.8,108.4,152.1,322.4,800.0,0.0,0.90,5.8,33.0,4.5,31.3,1,5/5/2023 10:06:16 AM
4/17/2023 12:00:00 AM,4/16/2023 8:00:00 PM,800,216.8,98.2,160.4,324.4,800.0,0.0,0.91,5.8,33.0,6.4,31.1,1,5/5/2023 10:06:16 AM
4/17/2023 1:00:00 AM,4/16/2023 9:00:00 PM,800,210.6,68.3,118.2,403.0,800.0,0.0,0.88,5.8,33.0,1.8,24.8,1,5/5/2023 10:06:16 AM
4/17/2023 2:00:00 AM,4/16/2023 10:00:00 PM,800,216.9,203.6,129.6,249.7,800.0,0.0,0.88,5.8,33.0,6.3,32.5,1,5/5/2023 10:06:16 AM
4/17/2023 3:00:00 AM,4/16/2023 11:00:00 PM,800,216.9,203.6,129.1,250.3,800.0,0.0,0.88,5.8,33.0,4.2,24.8,1,5/5/2023 10:06:16 AM
4/17/2023 4:00:00 AM,4/17/2023 12:00:00 AM,525,184.9,158.9,86.5,94.9,525.0,0.0,0.92,5.8,32.9,10.2,25.5,1,5/5/2023 10:06:16 AM
4/17/2023 5:00:00 AM,4/17/2023 1:00:00 AM,525,184.9,158.9,88.5,92.8,525.0,0.0,0.88,5.8,32.9,7.6,32.8,1,5/5/2023 10:06:16 AM
4/17/2023 6:00:00 AM,4/17/2023 2:00:00 AM,525,191.1,159.8,74.4,99.7,525.0,0.0,0.87,5.8,32.9,7.1,21.0,1,5/5/2023 10:06:16 AM
4/17/2023 7:00:00 AM,4/17/2023 3:00:00 AM,525,191.8,160.6,72.2,100.6,525.0,0.0,0.89,5.8,32.9,10.8,31.1,1,5/5/2023 10:06:16 AM
4/17/2023 8:00:00 AM,4/17/2023 4:00:00 AM,525,185.6,161.5,85.4,92.5,525.0,0.0,0.89,5.8,32.9,7.5,38.9,1,5/5/2023 10:06:16 AM
4/17/2023 9:00:00 AM,4/17/2023 5:00:00 AM,800,216.9,78.4,159.5,345.0,800.0,0.0,0.88,5.8,32.9,7.3,33.2,1,5/5/2023 10:06:16 AM
4/17/2023 10:00:00 AM,4/17/2023 6:00:00 AM,800,216.2,78.4,148.6,357.1,800.0,0.0,0.88,5.8,32.9,5.1,20.0,1,5/5/2023 10:06:16 AM
4/17/2023 11:00:00 AM,4/17/2023 7:00:00 AM,800,221.4,78.4,139.5,360.8,800.0,0.0,0.86,5.8,32.9,6.8,31.9,1,5/5/2023 10:06:16 AM
4/17/2023 12:00:00 PM,4/17/2023 8:00:00 AM,525,190.7,78.4,75.0,180.9,525.0,0.0,0.88,5.8,32.9,8.7,32.6,1,5/5/2023 10:06:16 AM
4/17/2023 1:00:00 PM,4/17/2023 9:00:00 AM,525,190.7,78.4,73.5,182.5,525.0,0.0,0.90,5.8,32.9,5.0,31.8,1,5/5/2023 10:06:16 AM
4/17/2023 2:00:00 PM,4/17/2023 10:00:00 AM,525,190.7,78.4,75.3,180.7,525.0,0.0,0.87,5.8,32.9,7.7,37.7,1,5/5/2023 10:06:16 AM
4/17/2023 3:00:00 PM,4/17/2023 11:00:00 AM,525,190.7,78.4,74.1,181.7,525.0,0.0,0.88,5.8,32.9,7.2,29.0,1,5/5/2023 10:06:16 AM
4/17/2023 4:00:00 PM,4/17/2023 12:00:00 PM,525,188.3,78.4,81.4,177.2,525.0,0.0,0.91,5.8,32.9,2.8,32.2,1,5/5/2023 10:06:16 AM
4/17/2023 5:00:00 PM,4/17/2023 1:00:00 PM,525,181.3,78.4,86.6,178.5,525.0,0.0,0.86,5.8,32.9,7.5,29.6,1,5/5/2023 10:06:16 AM
4/17/2023 6:00:00 PM,4/17/2023 2:00:00 PM,525,181.5,78.4,84.8,180.2,525.0,0.0,0.89,5.8,32.9,8.3,37.9,1,5/5/2023 10:06:16 AM
4/17/2023 7:00:00 PM,4/17/2023 3:00:00 PM,525,181.5,78.4,82.5,182.6,525.0,0.0,0.87,5.8,32.9,6.8,39.4,1,5/5/2023 10:06:16 AM
4/17/2023 8:00:00 PM,4/17/2023 4:00:00 PM,525,181.6,78.4,81.5,183.3,525.0,0.0,0.90,5.8,32.9,9.0,38.7,1,5/5/2023 10:06:16 AM
4/17/2023 9:00:00 PM,4/17/2023 5:00:00 PM,800,210.4,78.4,151.7,359.4,800.0,0.0,0.89,5.8,32.9,4.8,35.3,1,5/5/2023 10:06:16 AM
4/17/2023 10:00:00 PM,4/17/2023 6:00:00 PM,800,211.2,78.4,159.5,350.6,800.0,0.0,0.88,5.8,32.9,5.2,32.1,1,5/5/2023 10:06:16 AM
4/17/2023 11:00:00 PM,4/17/2023 7:00:00 PM,800,220.0,78.4,151.9,349.9,800.0,0.0,0.88,5.8,32.9,4.2,34.6,1,5/5/2023 10:06:16 AM
4/18/2023 12:00:00 AM,4/17/2023 8:00:00 PM,800,220.0,78.4,143.0,358.8,800.0,0.0,0.92,5.8,32.9,3.6,33.5,1,5/5/2023 10:06:16 AM
4/18/2023 1:00:00 AM,4/17/2023 9:00:00 PM,800,220.4,78.4,140.0,361.1,800.0,0.0,0.91,5.8,32.9,4.5,31.1,1,5/5/2023 10:06:16 AM
4/18/2023 2:00:00 AM,4/17/2023 10:00:00 PM,800,220.2,103.2,122.5,354.2,800.0,0.0,0.88,5.8,32.9,6.6,35.5,1,5/5/2023 10:06:16 AM
4/18/2023 3:00:00 AM,4/17/2023 11:00:00 PM,800,220.2,93.0,121.0,365.6,800.0,0.0,0.84,5.8,32.9,8.0,34.0,1,5/5/2023 10:06:16 AM
4/18/2023 4:00:00 AM,4/18/2023 12:00:00 AM,525,191.3,123.5,71.9,138.5,525.0,0.0,0.90,5.8,32.9,7.5,43.9,1,5/5/2023 10:06:16 AM
4/18/2023 5:00:00 AM,4/18/2023 1:00:00 AM,525,191.4,123.5,73.8,136.2,525.0,0.0,0.88,5.8,32.9,5.1,40.5,1,5/5/2023 10:06:16 AM
4/18/2023 6:00:00 AM,4/18/2023 2:00:00 AM,525,191.4,124.4,72.6,136.6,525.0,0.0,0.90,5.8,32.9,5.9,32.9,1,5/5/2023 10:06:16 AM
4/18/2023 7:00:00 AM,4/18/2023 3:00:00 AM,525,191.4,125.2,72.3,136.0,525.0,0.0,0.91,5.8,32.9,7.2,36.7,1,5/5/2023 10:06:15 AM
4/18/2023 8:00:00 AM,4/18/2023 4:00:00 AM,525,189.7,125.2,78.1,132.0,525.0,0.0,0.89,5.8,32.9,7.4,31.0,1,5/5/2023 10:06:15 AM
4/18/2023 9:00:00 AM,4/18/2023 5:00:00 AM,800,219.2,110.7,147.2,322.6,800.0,0.0,0.89,5.8,32.9,5.1,33.3,1,5/5/2023 10:06:15 AM
4/18/2023 10:00:00 AM,4/18/2023 6:00:00 AM,800,219.3,111.5,151.6,317.8,800.0,0.0,0.90,5.8,32.9,2.3,22.2,1,5/5/2023 10:06:16 AM
4/18/2023 11:00:00 AM,4/18/2023 7:00:00 AM,800,209.3,149.2,179.8,261.8,800.0,0.0,0.88,5.8,32.9,0.7,18.3,1,5/5/2023 10:06:16 AM
4/18/2023 12:00:00 PM,4/18/2023 8:00:00 AM,525,172.2,149.2,68.8,135.0,525.0,0.0,0.93,5.8,32.9,5.3,33.1,1,5/5/2023 10:06:16 AM
4/18/2023 1:00:00 PM,4/18/2023 9:00:00 AM,525,188.9,149.2,79.3,107.7,525.0,0.0,0.91,5.8,32.9,6.0,31.3,1,5/5/2023 10:06:16 AM
4/18/2023 2:00:00 PM,4/18/2023 10:00:00 AM,525,190.0,149.2,76.2,109.9,525.0,0.0,0.90,5.8,32.9,4.1,37.3,1,5/5/2023 10:06:16 AM
4/18/2023 3:00:00 PM,4/18/2023 11:00:00 AM,525,189.9,148.4,76.3,110.6,525.0,0.0,0.90,5.8,32.9,2.9,38.6,1,5/5/2023 10:06:16 AM
4/18/2023 4:00:00 PM,4/18/2023 12:00:00 PM,525,190.3,148.4,75.2,111.1,525.0,0.0,0.88,5.8,32.9,7.7,32.1,1,5/5/2023 10:06:16 AM
4/18/2023 5:00:00 PM,4/18/2023 1:00:00 PM,525,189.7,148.4,77.9,109.1,525.0,0.0,0.88,5.8,32.9,6.2,34.5,1,5/5/2023 10:06:16 AM
4/18/2023 6:00:00 PM,4/18/2023 2:00:00 PM,525,190.4,148.4,75.8,110.5,525.0,0.0,0.88,5.8,32.9,6.9,23.7,1,5/5/2023 10:06:16 AM
4/18/2023 7:00:00 PM,4/18/2023 3:00:00 PM,525,190.3,147.5,75.4,111.9,525.0,0.0,0.88,5.8,32.9,6.8,29.5,1,5/5/2023 10:06:16 AM
4/18/2023 8:00:00 PM,4/18/2023 4:00:00 PM,525,179.7,123.7,66.1,155.6,525.0,0.0,0.88,5.8,32.9,5.0,39.9,1,5/5/2023 10:06:16 AM
4/18/2023 9:00:00 PM,4/18/2023 5:00:00 PM,800,203.8,147.5,92.7,356.0,800.0,0.0,0.88,5.8,32.9,4.7,32.8,1,5/5/2023 10:06:16 AM
4/18/2023 10:00:00 PM,4/18/2023 6:00:00 PM,800,203.0,148.4,92.1,356.5,800.0,0.0,0.86,5.8,32.9,4.7,39.2,1,5/5/2023 10:06:16 AM
4/18/2023 11:00:00 PM,4/18/2023 7:00:00 PM,800,219.6,148.4,113.5,318.5,800.0,0.0,0.90,5.8,32.9,5.8,36.8,1,5/5/2023 10:06:16 AM
4/19/2023 12:00:00 AM,4/18/2023 8:00:00 PM,800,219.4,203.0,122.8,254.8,800.0,0.0,0.89,5.8,32.9,5.3,32.8,1,5/5/2023 10:06:16 AM
4/19/2023 1:00:00 AM,4/18/2023 9:00:00 PM,800,219.0,203.8,123.4,253.9,800.0,0.0,0.91,5.8,32.9,4.9,39.1,1,5/5/2023 10:06:16 AM
4/19/2023 2:00:00 AM,4/18/2023 10:00:00 PM,800,220.4,106.5,122.6,350.4,800.0,0.0,0.90,5.8,32.9,5.6,33.8,1,5/5/2023 10:06:16 AM
4/19/2023 3:00:00 AM,4/18/2023 11:00:00 PM,800,220.4,96.0,121.8,361.7,800.0,0.0,0.87,5.8,32.9,7.6,32.5,1,5/5/2023 10:06:16 AM
4/19/2023 4:00:00 AM,4/19/2023 12:00:00 AM,525,190.7,134.8,74.5,125.1,525.0,0.0,0.91,5.8,32.9,9.1,33.1,1,5/5/2023 10:06:16 AM
4/19/2023 5:00:00 AM,4/19/2023 1:00:00 AM,525,190.8,145.2,75.5,113.4,525.0,0.0,0.84,5.8,32.9,8.8,31.0,1,5/5/2023 10:06:15 AM
4/19/2023 6:00:00 AM,4/19/2023 2:00:00 AM,525,188.0,146.1,75.9,114.9,525.0,0.0,0.89,5.8,32.9,10.7,37.2,1,5/5/2023 10:06:15 AM
4/19/2023 7:00:00 AM,4/19/2023 3:00:00 AM,525,188.6,147.0,73.6,115.8,525.0,0.0,0.90,5.8,32.9,9.6,33.1,1,5/5/2023 10:06:15 AM
4/19/2023 8:00:00 AM,4/19/2023 4:00:00 AM,525,186.8,147.8,80.4,110.1,525.0,0.0,0.88,5.8,32.9,9.3,34.9,1,5/5/2023 10:06:15 AM
4/19/2023 9:00:00 AM,4/19/2023 5:00:00 AM,800,215.7,148.7,147.7,287.7,800.0,0.0,0.87,5.8,32.9,7.8,33.8,1,5/5/2023 10:06:15 AM
4/19/2023 10:00:00 AM,4/19/2023 6:00:00 AM,800,214.0,134.0,146.3,305.6,800.0,0.0,0.88,5.8,32.9,4.8,21.4,1,5/5/2023 10:06:15 AM
4/19/2023 11:00:00 AM,4/19/2023 7:00:00 AM,800,216.4,134.8,150.8,298.2,800.0,0.0,0.87,5.8,32.9,5.8,23.4,1,5/5/2023 10:06:15 AM
4/19/2023 12:00:00 PM,4/19/2023 8:00:00 AM,525,185.7,144.3,85.6,109.4,525.0,0.0,0.84,5.8,32.9,3.5,21.4,1,5/5/2023 10:06:15 AM
4/19/2023 1:00:00 PM,4/19/2023 9:00:00 AM,525,189.5,97.4,76.7,161.4,525.0,0.0,0.88,5.8,32.9,9.2,41.8,1,5/5/2023 10:06:15 AM
4/19/2023 2:00:00 PM,4/19/2023 10:00:00 AM,525,189.5,96.6,74.9,163.9,525.0,0.0,0.88,5.8,32.9,7.5,21.0,1,5/5/2023 10:06:15 AM
4/19/2023 3:00:00 PM,4/19/2023 11:00:00 AM,525,189.5,96.6,75.1,163.8,525.0,0.0,0.91,5.8,32.9,4.5,26.5,1,5/5/2023 10:06:15 AM
4/19/2023 4:00:00 PM,4/19/2023 12:00:00 PM,525,189.6,96.6,75.5,163.3,525.0,0.0,0.84,5.8,32.9,7.7,31.0,1,5/5/2023 10:06:15 AM
4/19/2023 5:00:00 PM,4/19/2023 1:00:00 PM,525,189.6,87.1,76.8,171.5,525.0,0.0,0.92,5.8,32.9,2.8,38.9,1,5/5/2023 10:06:15 AM
4/19/2023 6:00:00 PM,4/19/2023 2:00:00 PM,525,190.4,96.6,77.2,160.6,525.0,0.0,0.92,5.8,32.9,6.1,36.1,1,5/5/2023 10:06:15 AM
4/19/2023 7:00:00 PM,4/19/2023 3:00:00 PM,525,190.4,105.8,74.0,154.8,525.0,0.0,0.92,5.8,32.9,0.5,36.1,1,5/5/2023 10:06:15 AM
4/19/2023 8:00:00 PM,4/19/2023 4:00:00 PM,525,190.4,105.8,75.1,153.7,525.0,0.0,0.88,5.8,32.9,5.9,19.1,1,5/5/2023 10:06:15 AM
4/19/2023 9:00:00 PM,4/19/2023 5:00:00 PM,800,220.3,62.8,147.1,369.9,800.0,0.0,0.87,5.8,32.9,5.0,27.8,1,5/5/2023 10:06:15 AM
4/19/2023 10:00:00 PM,4/19/2023 6:00:00 PM,800,219.2,62.8,149.2,369.1,800.0,0.0,0.91,5.8,32.9,6.1,34.3,1,5/5/2023 10:06:15 AM
4/19/2023 11:00:00 PM,4/19/2023 7:00:00 PM,800,218.5,62.8,155.5,363.3,800.0,0.0,0.90,5.8,32.9,4.3,37.9,1,5/5/2023 10:06:15 AM
4/20/2023 12:00:00 AM,4/19/2023 8:00:00 PM,800,218.5,117.4,124.0,340.4,800.0,0.0,0.89,5.8,32.9,4.8,32.1,1,5/5/2023 10:06:15 AM
4/20/2023 1:00:00 AM,4/19/2023 9:00:00 PM,800,219.3,107.9,152.7,320.4,800.0,0.0,0.90,5.8,32.9,4.8,35.0,1,5/5/2023 10:06:15 AM
4/20/2023 2:00:00 AM,4/19/2023 10:00:00 PM,800,219.3,53.3,120.6,406.9,800.0,0.0,0.90,5.8,32.9,3.8,36.2,1,5/5/2023 10:06:15 AM
4/20/2023 3:00:00 AM,4/19/2023 11:00:00 PM,800,219.3,42.9,119.7,418.3,800.0,0.0,0.90,5.8,32.9,4.2,29.7,1,5/5/2023 10:06:15 AM
4/20/2023 4:00:00 AM,4/20/2023 12:00:00 AM,525,190.3,97.0,74.5,163.3,525.0,0.0,0.87,5.8,32.8,7.5,25.9,1,5/5/2023 10:06:15 AM
4/20/2023 5:00:00 AM,4/20/2023 1:00:00 AM,525,190.3,97.0,75.7,161.8,525.0,0.0,0.85,5.8,32.8,9.0,21.0,1,5/5/2023 10:06:15 AM
4/20/2023 6:00:00 AM,4/20/2023 2:00:00 AM,525,190.3,97.0,74.0,163.7,525.0,0.0,0.90,5.8,32.8,7.4,31.8,1,5/5/2023 10:06:15 AM
4/20/2023 7:00:00 AM,4/20/2023 3:00:00 AM,525,194.5,97.0,55.4,178.2,525.0,0.0,0.90,5.8,32.8,5.6,30.9,1,5/5/2023 10:06:15 AM
4/20/2023 8:00:00 AM,4/20/2023 4:00:00 AM,525,189.2,97.0,77.5,161.2,525.0,0.0,0.89,5.8,32.8,12.4,33.1,1,5/5/2023 10:06:15 AM
4/20/2023 9:00:00 AM,4/20/2023 5:00:00 AM,800,219.0,68.6,147.0,365.5,800.0,0.0,0.88,5.8,32.8,7.1,22.6,1,5/5/2023 10:06:15 AM
4/20/2023 10:00:00 AM,4/20/2023 6:00:00 AM,800,217.4,68.6,133.0,381.2,800.0,0.0,0.91,5.8,32.8,3.3,32.8,1,5/5/2023 10:06:15 AM
4/20/2023 11:00:00 AM,4/20/2023 7:00:00 AM,800,220.5,68.6,135.0,376.0,800.0,0.0,0.91,5.8,32.8,3.5,36.1,1,5/5/2023 10:06:15 AM
4/20/2023 12:00:00 PM,4/20/2023 8:00:00 AM,525,189.1,64.0,82.9,189.2,525.0,0.0,0.89,5.8,32.8,7.6,25.2,1,5/5/2023 10:06:15 AM
4/20/2023 1:00:00 PM,4/20/2023 9:00:00 AM,525,191.3,64.0,77.8,192.2,525.0,0.0,0.89,5.8,32.8,6.8,31.7,1,5/5/2023 10:06:15 AM
4/20/2023 2:00:00 PM,4/20/2023 10:00:00 AM,525,191.3,64.0,75.7,194.3,525.0,0.0,0.87,5.8,32.8,1.6,25.9,1,5/5/2023 10:06:15 AM
4/20/2023 3:00:00 PM,4/20/2023 11:00:00 AM,525,193.5,34.0,68.5,229.0,525.0,0.0,0.84,5.8,32.8,7.5,33.1,1,5/5/2023 10:06:15 AM
4/20/2023 4:00:00 PM,4/20/2023 12:00:00 PM,525,179.9,92.3,93.2,159.9,525.0,0.0,0.88,5.8,32.8,8.7,30.8,1,5/5/2023 10:06:15 AM
4/20/2023 5:00:00 PM,4/20/2023 1:00:00 PM,525,179.9,70.7,92.6,182.0,525.0,0.0,0.89,5.8,32.8,8.3,29.3,1,5/5/2023 10:06:15 AM
4/20/2023 6:00:00 PM,4/20/2023 2:00:00 PM,525,180.0,70.7,92.8,181.7,525.0,0.0,0.90,5.8,32.8,8.5,29.7,1,5/5/2023 10:06:15 AM
4/20/2023 7:00:00 PM,4/20/2023 3:00:00 PM,525,179.3,79.9,92.4,173.5,525.0,0.0,0.90,5.8,32.8,6.6,32.6,1,5/5/2023 10:06:15 AM
4/20/2023 8:00:00 PM,4/20/2023 4:00:00 PM,525,190.9,79.9,77.7,176.7,525.0,0.0,0.90,5.8,32.8,5.4,33.7,1,5/5/2023 10:06:15 AM
4/20/2023 9:00:00 PM,4/20/2023 5:00:00 PM,800,221.0,79.9,146.3,352.9,800.0,0.0,0.89,5.8,32.8,4.6,29.5,1,5/5/2023 10:06:15 AM
4/20/2023 10:00:00 PM,4/20/2023 6:00:00 PM,800,221.0,134.5,134.6,310.1,800.0,0.0,0.90,5.8,32.8,5.5,34.3,1,5/5/2023 10:06:15 AM
4/20/2023 11:00:00 PM,4/20/2023 7:00:00 PM,800,220.5,134.5,150.7,294.5,800.0,0.0,0.91,5.8,32.8,3.2,34.7,1,5/5/2023 10:06:15 AM
4/21/2023 12:00:00 AM,4/20/2023 8:00:00 PM,800,220.1,79.9,147.8,352.2,800.0,0.0,0.91,5.8,32.8,4.8,28.8,1,5/5/2023 10:06:15 AM
4/21/2023 1:00:00 AM,4/20/2023 9:00:00 PM,800,220.1,188.0,122.5,269.7,800.0,0.0,0.89,5.8,32.8,2.1,23.2,1,5/5/2023 10:06:15 AM
4/21/2023 2:00:00 AM,4/20/2023 10:00:00 PM,800,220.0,125.3,122.9,331.5,800.0,0.0,0.88,5.8,32.8,3.5,22.1,1,5/5/2023 10:06:15 AM
4/21/2023 3:00:00 AM,4/20/2023 11:00:00 PM,800,220.0,97.0,122.6,360.3,800.0,0.0,0.89,5.8,32.8,3.7,32.7,1,5/5/2023 10:06:15 AM
4/21/2023 4:00:00 AM,4/21/2023 12:00:00 AM,525,190.9,138.6,74.0,121.5,525.0,0.0,0.87,5.8,33.0,6.1,27.9,1,5/5/2023 10:06:15 AM
4/21/2023 5:00:00 AM,4/21/2023 1:00:00 AM,525,190.9,138.6,75.2,120.4,525.0,0.0,0.87,5.8,33.0,9.0,27.0,1,5/5/2023 10:06:15 AM
4/21/2023 6:00:00 AM,4/21/2023 2:00:00 AM,525,189.4,139.5,75.4,121.0,525.0,0.0,0.90,5.8,33.0,7.1,28.7,1,5/5/2023 10:06:15 AM
4/21/2023 7:00:00 AM,4/21/2023 3:00:00 AM,525,189.4,140.3,74.2,121.3,525.0,0.0,0.92,5.8,33.0,6.2,35.5,1,5/5/2023 10:06:15 AM
4/21/2023 8:00:00 AM,4/21/2023 4:00:00 AM,525,188.0,94.9,79.5,162.3,525.0,0.0,0.85,5.8,33.0,6.7,27.6,1,5/5/2023 10:06:15 AM
4/21/2023 9:00:00 AM,4/21/2023 5:00:00 AM,800,217.7,94.9,143.3,344.0,800.0,0.0,0.88,5.8,33.0,4.1,29.3,1,5/5/2023 10:06:15 AM
4/21/2023 10:00:00 AM,4/21/2023 6:00:00 AM,800,217.8,110.4,147.0,324.6,800.0,0.0,0.87,5.8,33.0,2.9,29.9,1,5/5/2023 10:06:15 AM
4/21/2023 11:00:00 AM,4/21/2023 7:00:00 AM,800,219.3,137.7,151.4,291.5,800.0,0.0,0.88,5.8,33.0,3.0,31.4,1,5/5/2023 10:06:15 AM
4/21/2023 12:00:00 PM,4/21/2023 8:00:00 AM,525,188.1,111.3,83.7,142.2,525.0,0.0,0.88,5.8,33.0,4.0,23.2,1,5/5/2023 10:06:15 AM
4/21/2023 1:00:00 PM,4/21/2023 9:00:00 AM,525,189.2,110.4,82.5,143.0,525.0,0.0,0.88,5.8,33.0,8.9,39.0,1,5/5/2023 10:06:15 AM
4/21/2023 2:00:00 PM,4/21/2023 10:00:00 AM,525,191.0,110.4,76.5,147.0,525.0,0.0,0.90,5.8,33.0,12.6,31.0,1,5/5/2023 10:06:15 AM
4/21/2023 3:00:00 PM,4/21/2023 11:00:00 AM,525,189.2,164.8,81.4,89.7,525.0,0.0,0.89,5.8,33.0,10.1,34.4,1,5/5/2023 10:06:15 AM
4/21/2023 4:00:00 PM,4/21/2023 12:00:00 PM,525,190.0,144.5,79.5,111.0,525.0,0.0,0.87,5.8,33.0,10.7,29.5,1,5/5/2023 10:06:15 AM
4/21/2023 5:00:00 PM,4/21/2023 1:00:00 PM,525,181.1,144.5,93.3,105.9,525.0,0.0,0.89,5.8,33.0,8.5,33.9,1,5/5/2023 10:06:15 AM
4/21/2023 6:00:00 PM,4/21/2023 2:00:00 PM,525,181.1,143.7,93.0,107.2,525.0,0.0,0.91,5.8,33.0,8.9,28.1,1,5/5/2023 10:06:15 AM
4/21/2023 7:00:00 PM,4/21/2023 3:00:00 PM,525,181.1,138.2,91.0,114.7,525.0,0.0,0.89,5.8,33.0,4.5,26.4,1,5/5/2023 10:06:15 AM
4/21/2023 8:00:00 PM,4/21/2023 4:00:00 PM,525,181.1,138.2,89.0,116.9,525.0,0.0,0.88,5.8,33.0,13.7,28.3,1,5/5/2023 10:06:15 AM
4/21/2023 9:00:00 PM,4/21/2023 5:00:00 PM,800,214.0,138.2,148.9,299.3,800.0,0.0,0.89,5.8,33.0,5.6,34.2,1,5/5/2023 10:06:15 AM
4/21/2023 10:00:00 PM,4/21/2023 6:00:00 PM,800,214.0,143.7,158.6,284.0,800.0,0.0,0.89,5.8,33.0,8.5,27.7,1,5/5/2023 10:06:15 AM
4/21/2023 11:00:00 PM,4/21/2023 7:00:00 PM,800,213.1,226.4,143.3,217.4,800.0,0.0,0.89,5.8,33.0,5.0,28.6,1,5/5/2023 10:06:15 AM
4/22/2023 12:00:00 AM,4/21/2023 8:00:00 PM,800,214.0,226.4,136.4,223.4,800.0,0.0,0.90,5.8,33.0,5.7,27.9,1,5/5/2023 10:06:15 AM
4/22/2023 1:00:00 AM,4/21/2023 9:00:00 PM,800,214.2,166.3,137.8,282.0,800.0,0.0,0.89,5.8,33.0,5.7,31.5,1,5/5/2023 10:06:15 AM
4/22/2023 2:00:00 AM,4/21/2023 10:00:00 PM,800,214.2,156.5,137.9,291.8,800.0,0.0,0.89,5.8,33.0,3.2,34.4,1,5/5/2023 10:06:15 AM
4/22/2023 3:00:00 AM,4/21/2023 11:00:00 PM,800,214.2,125.2,136.9,323.7,800.0,0.0,0.86,5.8,33.0,4.3,28.5,1,5/5/2023 10:06:15 AM
4/22/2023 4:00:00 AM,4/22/2023 12:00:00 AM,525,183.1,114.9,87.2,140.1,525.0,0.0,0.84,5.8,33.0,0.4,24.6,1,5/5/2023 10:06:15 AM
4/22/2023 5:00:00 AM,4/22/2023 1:00:00 AM,525,183.1,114.9,89.6,137.6,525.0,0.0,0.87,5.8,33.0,7.7,29.2,1,5/5/2023 10:06:15 AM
4/22/2023 6:00:00 AM,4/22/2023 2:00:00 AM,525,192.2,114.9,74.1,143.9,525.0,0.0,0.88,5.8,33.0,5.2,30.9,1,5/5/2023 10:06:15 AM
4/22/2023 7:00:00 AM,4/22/2023 3:00:00 AM,525,192.2,85.6,73.1,174.4,525.0,0.0,0.86,5.8,33.0,4.7,21.3,1,5/5/2023 10:06:15 AM
4/22/2023 8:00:00 AM,4/22/2023 4:00:00 AM,525,181.9,100.3,91.7,151.2,525.0,0.0,0.87,5.8,33.0,3.1,31.9,1,5/5/2023 10:06:15 AM
4/22/2023 9:00:00 AM,4/22/2023 5:00:00 AM,800,214.9,104.7,128.6,351.9,800.0,0.0,0.90,5.8,33.0,3.6,38.0,1,5/5/2023 10:06:15 AM
4/22/2023 10:00:00 AM,4/22/2023 6:00:00 AM,800,208.7,59.4,117.2,414.7,800.0,0.0,0.89,5.8,33.0,3.2,31.5,1,5/5/2023 10:06:15 AM
4/22/2023 11:00:00 AM,4/22/2023 7:00:00 AM,800,216.1,89.4,159.2,335.4,800.0,0.0,0.89,5.8,33.0,4.6,34.6,1,5/5/2023 10:06:15 AM
4/22/2023 12:00:00 PM,4/22/2023 8:00:00 AM,525,181.9,132.3,91.3,119.8,525.0,0.0,0.93,5.8,33.0,6.6,37.5,1,5/5/2023 10:06:15 AM
4/22/2023 1:00:00 PM,4/22/2023 9:00:00 AM,525,182.2,132.3,94.2,116.5,525.0,0.0,0.92,5.8,33.0,4.9,30.0,1,5/5/2023 10:06:15 AM
4/22/2023 2:00:00 PM,4/22/2023 10:00:00 AM,525,182.2,132.3,94.3,116.3,525.0,0.0,0.90,5.8,33.0,8.0,36.7,1,5/5/2023 10:06:15 AM
4/22/2023 3:00:00 PM,4/22/2023 11:00:00 AM,525,182.2,132.3,93.5,117.4,525.0,0.0,0.90,5.8,33.0,9.5,28.9,1,5/5/2023 10:06:15 AM
4/22/2023 4:00:00 PM,4/22/2023 12:00:00 PM,525,182.2,117.7,92.0,133.3,525.0,0.0,0.89,5.8,33.0,8.8,34.0,1,5/5/2023 10:06:15 AM
4/22/2023 5:00:00 PM,4/22/2023 1:00:00 PM,525,181.0,117.7,89.4,136.9,525.0,0.0,0.93,5.8,33.0,4.2,31.9,1,5/5/2023 10:06:15 AM
4/22/2023 6:00:00 PM,4/22/2023 2:00:00 PM,525,181.0,117.7,89.5,136.9,525.0,0.0,0.92,5.8,33.0,7.1,36.7,1,5/5/2023 10:06:15 AM
4/22/2023 7:00:00 PM,4/22/2023 3:00:00 PM,525,181.0,117.7,90.0,136.4,525.0,0.0,0.92,5.8,33.0,6.8,38.1,1,5/5/2023 10:06:15 AM
4/22/2023 8:00:00 PM,4/22/2023 4:00:00 PM,525,181.1,70.3,89.3,184.4,525.0,0.0,0.92,5.8,33.0,8.4,34.8,1,5/5/2023 10:06:15 AM
4/22/2023 9:00:00 PM,4/22/2023 5:00:00 PM,800,214.7,113.3,157.6,314.5,800.0,0.0,0.89,5.8,33.0,5.6,30.6,1,5/5/2023 10:06:15 AM
4/22/2023 10:00:00 PM,4/22/2023 6:00:00 PM,800,213.0,127.9,152.4,306.7,800.0,0.0,0.91,5.8,33.0,4.7,37.7,1,5/5/2023 10:06:15 AM
4/22/2023 11:00:00 PM,4/22/2023 7:00:00 PM,800,213.3,127.9,149.2,309.6,800.0,0.0,0.90,5.8,33.0,7.6,32.4,1,5/5/2023 10:06:15 AM
4/23/2023 12:00:00 AM,4/22/2023 8:00:00 PM,800,213.0,127.9,148.5,310.7,800.0,0.0,0.90,5.8,33.0,5.1,41.7,1,5/5/2023 10:06:15 AM
4/23/2023 1:00:00 AM,4/22/2023 9:00:00 PM,800,175.3,127.9,167.5,329.8,800.0,0.0,0.91,5.8,33.0,5.9,28.6,1,5/5/2023 10:06:15 AM
4/23/2023 2:00:00 AM,4/22/2023 10:00:00 PM,800,177.5,100.3,148.3,374.4,800.0,0.0,0.88,5.8,33.0,4.4,27.5,1,5/5/2023 10:06:15 AM
4/23/2023 3:00:00 AM,4/22/2023 11:00:00 PM,800,215.5,100.3,136.9,347.4,800.0,0.0,0.89,5.8,33.0,3.5,38.9,1,5/5/2023 10:06:15 AM
4/23/2023 4:00:00 AM,4/23/2023 12:00:00 AM,525,154.6,103.2,100.7,166.3,525.0,0.0,0.90,5.8,33.0,6.7,32.3,1,5/5/2023 10:06:15 AM
4/23/2023 5:00:00 AM,4/23/2023 1:00:00 AM,525,154.6,103.2,103.8,163.3,525.0,0.0,0.89,5.8,33.0,9.4,38.4,1,5/5/2023 10:06:15 AM
4/23/2023 6:00:00 AM,4/23/2023 2:00:00 AM,525,161.9,103.2,89.4,170.4,525.0,0.0,0.89,5.8,33.0,6.3,45.6,1,5/5/2023 10:06:15 AM
4/23/2023 7:00:00 AM,4/23/2023 3:00:00 AM,525,161.9,103.2,87.8,172.0,525.0,0.0,0.87,5.8,33.0,9.4,29.0,1,5/5/2023 10:06:15 AM
4/23/2023 8:00:00 AM,4/23/2023 4:00:00 AM,525,153.4,99.6,107.4,164.8,525.0,0.0,0.90,5.8,33.0,6.4,39.3,1,5/5/2023 10:06:15 AM
4/23/2023 9:00:00 AM,4/23/2023 5:00:00 AM,800,176.1,99.6,167.8,356.3,800.0,0.0,0.88,5.8,33.0,6.0,35.6,1,5/5/2023 10:06:15 AM
4/23/2023 10:00:00 AM,4/23/2023 6:00:00 AM,800,176.1,127.9,170.2,325.9,800.0,0.0,0.88,5.8,33.0,5.2,36.3,1,5/5/2023 10:06:15 AM
4/23/2023 11:00:00 AM,4/23/2023 7:00:00 AM,800,177.2,129.9,165.5,327.4,800.0,0.0,0.88,5.8,33.0,3.9,39.8,1,5/5/2023 10:06:15 AM
4/23/2023 12:00:00 PM,4/23/2023 8:00:00 AM,525,153.4,99.9,101.6,170.2,525.0,0.0,0.91,5.8,33.0,5.9,40.1,1,5/5/2023 10:06:15 AM
4/23/2023 1:00:00 PM,4/23/2023 9:00:00 AM,525,153.7,99.9,103.3,168.2,525.0,0.0,0.93,5.8,33.0,4.4,35.4,1,5/5/2023 10:06:15 AM
4/23/2023 3:00:00 PM,4/23/2023 11:00:00 AM,525,152.5,99.9,110.6,162.2,525.0,0.0,0.88,5.8,33.0,8.5,25.6,1,5/5/2023 10:06:15 AM
4/23/2023 4:00:00 PM,4/23/2023 12:00:00 PM,525,152.5,94.5,109.1,169.0,525.0,0.0,0.91,5.8,33.0,8.7,39.7,1,5/5/2023 10:06:15 AM
4/23/2023 5:00:00 PM,4/23/2023 1:00:00 PM,525,152.5,94.5,109.2,169.1,525.0,0.0,0.90,5.8,33.0,1.9,35.2,1,5/5/2023 10:06:15 AM
4/23/2023 6:00:00 PM,4/23/2023 2:00:00 PM,525,180.9,94.5,90.6,159.1,525.0,0.0,0.90,5.8,33.0,8.8,35.5,1,5/5/2023 10:06:15 AM
4/23/2023 7:00:00 PM,4/23/2023 3:00:00 PM,525,180.9,94.5,89.4,160.0,525.0,0.0,0.93,5.8,33.0,4.7,33.8,1,5/5/2023 10:06:15 AM
4/23/2023 8:00:00 PM,4/23/2023 4:00:00 PM,525,180.9,94.5,90.5,159.1,525.0,0.0,0.89,5.8,33.0,7.7,28.7,1,5/5/2023 10:06:15 AM
4/23/2023 9:00:00 PM,4/23/2023 5:00:00 PM,800,214.5,94.5,161.2,329.7,800.0,0.0,0.89,5.8,33.0,9.6,30.5,1,5/5/2023 10:06:15 AM
4/23/2023 10:00:00 PM,4/23/2023 6:00:00 PM,800,214.5,99.9,156.7,329.1,800.0,0.0,0.91,5.8,33.0,5.0,40.7,1,5/5/2023 10:06:15 AM
4/23/2023 11:00:00 PM,4/23/2023 7:00:00 PM,800,214.5,99.9,158.0,327.6,800.0,0.0,0.90,5.8,33.0,5.9,35.0,1,5/5/2023 10:06:15 AM
4/24/2023 12:00:00 AM,4/23/2023 8:00:00 PM,800,214.5,99.9,141.5,344.2,800.0,0.0,0.90,5.8,33.0,6.1,33.4,1,5/5/2023 10:06:15 AM
4/24/2023 1:00:00 AM,4/23/2023 9:00:00 PM,800,214.7,99.9,135.3,349.9,800.0,0.0,0.89,5.8,33.0,5.3,35.5,1,5/5/2023 10:06:15 AM
4/24/2023 2:00:00 AM,4/23/2023 10:00:00 PM,800,215.5,101.6,137.4,345.5,800.0,0.0,0.91,5.8,33.0,6.6,36.6,1,5/5/2023 10:06:15 AM
4/24/2023 3:00:00 AM,4/23/2023 11:00:00 PM,800,215.5,101.6,137.0,346.0,800.0,0.0,0.90,5.8,33.0,3.8,29.2,1,5/5/2023 10:06:15 AM
4/24/2023 4:00:00 AM,4/24/2023 12:00:00 AM,525,181.9,113.9,89.6,139.7,525.0,0.0,0.92,5.8,32.9,6.8,32.6,1,5/5/2023 10:06:15 AM
4/24/2023 5:00:00 AM,4/24/2023 1:00:00 AM,525,181.9,106.6,90.5,145.7,525.0,0.0,0.90,5.8,32.9,6.8,33.5,1,5/5/2023 10:06:15 AM
4/24/2023 6:00:00 AM,4/24/2023 2:00:00 AM,525,192.0,106.6,72.6,154.1,525.0,0.0,0.92,5.8,32.9,7.8,40.8,1,5/5/2023 10:06:15 AM
4/24/2023 7:00:00 AM,4/24/2023 3:00:00 AM,525,192.0,106.6,72.1,154.4,525.0,0.0,0.89,5.8,32.9,10.8,32.4,1,5/5/2023 10:06:15 AM
4/24/2023 8:00:00 AM,4/24/2023 4:00:00 AM,525,180.8,106.6,92.7,145.1,525.0,0.0,0.90,5.8,32.9,7.0,27.2,1,5/5/2023 10:06:15 AM
4/24/2023 9:00:00 AM,4/24/2023 5:00:00 AM,800,213.2,106.6,158.1,322.4,800.0,0.0,0.91,5.8,32.9,6.5,30.3,1,5/5/2023 10:06:15 AM
4/24/2023 10:00:00 AM,4/24/2023 6:00:00 AM,800,213.4,98.2,156.5,332.0,800.0,0.0,0.88,5.8,32.9,5.9,23.8,1,5/5/2023 10:06:15 AM
4/24/2023 11:00:00 AM,4/24/2023 7:00:00 AM,800,214.6,98.2,157.2,330.2,800.0,0.0,0.86,5.8,32.9,3.9,20.1,1,5/5/2023 10:06:15 AM
4/24/2023 12:00:00 PM,4/24/2023 8:00:00 AM,525,179.1,135.5,94.1,116.1,525.0,0.0,0.91,5.8,32.9,6.2,30.1,1,5/5/2023 10:06:15 AM
4/24/2023 1:00:00 PM,4/24/2023 9:00:00 AM,525,179.1,135.5,92.8,117.5,525.0,0.0,0.92,5.8,32.9,6.2,29.8,1,5/5/2023 10:06:15 AM
4/24/2023 2:00:00 PM,4/24/2023 10:00:00 AM,525,188.2,152.8,81.8,102.5,525.0,0.0,0.89,5.8,32.9,6.6,30.6,1,5/5/2023 10:06:15 AM
4/24/2023 3:00:00 PM,4/24/2023 11:00:00 AM,525,190.9,152.8,73.7,107.6,525.0,0.0,0.88,5.8,32.9,4.7,36.2,1,5/5/2023 10:06:15 AM
4/24/2023 4:00:00 PM,4/24/2023 12:00:00 PM,525,189.5,108.6,83.2,144.0,525.0,0.0,0.88,5.8,32.9,4.3,31.7,1,5/5/2023 10:06:15 AM
4/24/2023 5:00:00 PM,4/24/2023 1:00:00 PM,525,188.4,108.6,79.7,148.3,525.0,0.0,0.87,5.8,32.9,7.8,39.1,1,5/5/2023 10:06:15 AM
4/24/2023 6:00:00 PM,4/24/2023 2:00:00 PM,525,180.5,108.6,95.6,140.3,525.0,0.0,0.90,5.8,32.9,6.5,25.9,1,5/5/2023 10:06:15 AM
4/24/2023 7:00:00 PM,4/24/2023 3:00:00 PM,525,180.5,91.4,93.3,159.7,525.0,0.0,0.90,5.8,32.9,5.3,26.3,1,5/5/2023 10:06:15 AM
4/24/2023 8:00:00 PM,4/24/2023 4:00:00 PM,525,179.2,91.4,92.8,161.4,525.0,0.0,0.88,5.8,32.9,7.3,30.0,1,5/5/2023 10:06:15 AM
4/24/2023 9:00:00 PM,4/24/2023 5:00:00 PM,800,214.4,91.4,161.3,332.7,800.0,0.0,0.89,5.8,32.9,5.6,31.8,1,5/5/2023 10:06:15 AM
4/24/2023 10:00:00 PM,4/24/2023 6:00:00 PM,800,214.4,137.5,165.6,282.5,800.0,0.0,0.89,5.8,32.9,7.7,29.9,1,5/5/2023 10:06:15 AM
4/24/2023 11:00:00 PM,4/24/2023 7:00:00 PM,800,214.2,137.5,152.7,295.6,800.0,0.0,0.89,5.8,32.9,4.8,37.3,1,5/5/2023 10:06:15 AM
4/25/2023 12:00:00 AM,4/24/2023 8:00:00 PM,800,214.4,137.5,161.6,286.5,800.0,0.0,0.92,5.8,32.9,4.5,32.5,1,5/5/2023 10:06:15 AM
4/25/2023 1:00:00 AM,4/24/2023 9:00:00 PM,800,214.6,137.5,158.9,289.1,800.0,0.0,0.92,5.8,32.9,3.7,29.0,1,5/5/2023 10:06:15 AM
4/25/2023 2:00:00 AM,4/24/2023 10:00:00 PM,800,214.6,93.3,138.3,353.9,800.0,0.0,0.89,5.8,32.9,4.6,30.3,1,5/5/2023 10:06:15 AM
4/25/2023 3:00:00 AM,4/24/2023 11:00:00 PM,800,214.6,55.9,137.6,392.2,800.0,0.0,0.91,5.8,32.9,4.8,34.5,1,5/5/2023 10:06:15 AM
4/25/2023 4:00:00 AM,4/25/2023 12:00:00 AM,525,182.5,86.3,88.7,167.7,525.0,0.0,0.88,5.8,32.9,8.1,37.9,1,5/5/2023 10:06:15 AM
4/25/2023 5:00:00 AM,4/25/2023 1:00:00 AM,525,182.5,108.8,90.7,143.1,525.0,0.0,0.87,5.8,32.9,6.9,39.6,1,5/5/2023 10:06:15 AM
4/25/2023 6:00:00 AM,4/25/2023 2:00:00 AM,525,191.7,109.7,75.7,147.8,525.0,0.0,0.89,5.8,32.9,6.6,35.6,1,5/5/2023 10:06:15 AM
4/25/2023 7:00:00 AM,4/25/2023 3:00:00 AM,525,191.7,110.6,75.2,147.4,525.0,0.0,0.86,5.8,32.9,7.5,27.4,1,5/5/2023 10:06:15 AM
4/25/2023 8:00:00 AM,4/25/2023 4:00:00 AM,525,180.7,110.6,94.5,139.5,525.0,0.0,0.88,5.8,32.9,4.9,35.5,1,5/5/2023 10:06:15 AM
4/25/2023 9:00:00 AM,4/25/2023 5:00:00 AM,800,214.2,110.6,158.9,317.0,800.0,0.0,0.87,5.8,32.9,6.2,29.6,1,5/5/2023 10:06:15 AM
4/25/2023 10:00:00 AM,4/25/2023 6:00:00 AM,800,214.4,64.8,162.9,358.3,800.0,0.0,0.88,5.8,32.9,4.8,25.2,1,5/5/2023 10:06:15 AM
4/25/2023 11:00:00 AM,4/25/2023 7:00:00 AM,800,221.7,146.7,145.4,286.0,800.0,0.0,0.88,5.8,32.9,2.9,30.5,1,5/5/2023 10:06:15 AM
4/25/2023 12:00:00 PM,4/25/2023 8:00:00 AM,525,160.4,65.7,99.4,199.5,525.0,0.0,0.86,5.8,32.9,3.6,27.1,1,5/5/2023 10:06:15 AM
4/25/2023 1:00:00 PM,4/25/2023 9:00:00 AM,525,190.7,64.8,80.3,189.3,525.0,0.0,0.89,5.8,32.9,8.6,27.3,1,5/5/2023 10:06:15 AM
4/25/2023 2:00:00 PM,4/25/2023 10:00:00 AM,525,190.7,64.8,80.8,188.9,525.0,0.0,0.89,5.8,32.9,6.5,31.8,1,5/5/2023 10:06:15 AM
4/25/2023 3:00:00 PM,4/25/2023 11:00:00 AM,525,190.7,64.8,78.3,191.1,525.0,0.0,0.88,5.8,32.9,7.6,29.5,1,5/5/2023 10:06:15 AM
4/25/2023 4:00:00 PM,4/25/2023 12:00:00 PM,525,190.4,64.8,78.5,191.0,525.0,0.0,0.87,5.8,32.9,9.1,35.9,1,5/5/2023 10:06:15 AM
4/25/2023 5:00:00 PM,4/25/2023 1:00:00 PM,525,189.8,64.8,79.6,191.0,525.0,0.0,0.84,5.8,32.9,2.5,34.4,1,5/5/2023 10:06:15 AM
4/25/2023 6:00:00 PM,4/25/2023 2:00:00 PM,525,190.4,64.0,79.2,191.2,525.0,0.0,0.87,5.8,32.9,5.9,41.6,1,5/5/2023 10:06:15 AM
4/25/2023 7:00:00 PM,4/25/2023 3:00:00 PM,525,190.4,64.0,78.6,192.0,525.0,0.0,0.87,5.8,32.9,7.2,38.1,1,5/5/2023 10:06:15 AM
4/25/2023 8:00:00 PM,4/25/2023 4:00:00 PM,525,181.3,117.1,91.9,134.5,525.0,0.0,0.88,5.8,32.9,7.6,28.4,1,5/5/2023 10:06:15 AM
4/25/2023 9:00:00 PM,4/25/2023 5:00:00 PM,800,215.1,151.6,164.9,268.5,800.0,0.0,0.85,5.8,32.9,5.1,35.8,1,5/5/2023 10:06:15 AM
4/25/2023 10:00:00 PM,4/25/2023 6:00:00 PM,800,214.3,117.1,171.1,297.7,800.0,0.0,0.86,5.8,32.9,8.0,26.5,1,5/5/2023 10:06:15 AM
4/25/2023 11:00:00 PM,4/25/2023 7:00:00 PM,800,214.6,118.0,169.6,298.1,800.0,0.0,0.85,5.8,32.9,5.6,37.4,1,5/5/2023 10:06:15 AM
4/26/2023 12:00:00 AM,4/25/2023 8:00:00 PM,800,214.6,179.7,163.2,242.8,800.0,0.0,0.89,5.8,32.9,4.6,31.8,1,5/5/2023 10:06:15 AM
4/26/2023 1:00:00 AM,4/25/2023 9:00:00 PM,800,214.8,179.7,165.2,240.6,800.0,0.0,0.91,5.8,32.9,4.5,29.8,1,5/5/2023 10:06:15 AM
4/26/2023 2:00:00 AM,4/25/2023 10:00:00 PM,800,214.8,190.8,141.2,253.4,800.0,0.0,0.87,5.8,32.9,5.8,34.0,1,5/5/2023 10:06:15 AM
4/26/2023 3:00:00 AM,4/25/2023 11:00:00 PM,800,214.8,156.4,140.5,288.7,800.0,0.0,0.85,5.8,32.9,6.1,36.0,1,5/5/2023 10:06:15 AM
4/26/2023 4:00:00 AM,4/26/2023 12:00:00 AM,525,183.3,108.6,88.2,144.7,525.0,0.0,0.85,5.8,33.0,5.6,33.0,1,5/5/2023 10:06:15 AM
4/26/2023 5:00:00 AM,4/26/2023 1:00:00 AM,525,183.3,108.6,89.9,142.9,525.0,0.0,0.88,5.8,33.0,7.8,40.7,1,5/5/2023 10:06:15 AM
4/26/2023 6:00:00 AM,4/26/2023 2:00:00 AM,525,192.4,109.4,74.6,148.5,525.0,0.0,0.87,5.8,33.0,8.5,44.0,1,5/5/2023 10:06:15 AM
4/26/2023 7:00:00 AM,4/26/2023 3:00:00 AM,525,192.4,110.3,74.2,148.1,525.0,0.0,0.87,5.8,33.0,6.1,40.5,1,5/5/2023 10:06:15 AM
4/26/2023 8:00:00 AM,4/26/2023 4:00:00 AM,525,181.1,110.3,94.0,139.3,525.0,0.0,0.86,5.8,33.0,7.3,33.9,1,5/5/2023 10:06:15 AM
4/26/2023 9:00:00 AM,4/26/2023 5:00:00 AM,800,214.6,72.7,134.2,378.6,800.0,0.0,0.86,5.8,33.0,5.5,32.6,1,5/5/2023 10:06:15 AM
4/26/2023 10:00:00 AM,4/26/2023 6:00:00 AM,800,214.8,73.6,144.8,366.6,800.0,0.0,0.86,5.8,33.0,6.4,31.6,1,5/5/2023 10:06:15 AM
4/26/2023 11:00:00 AM,4/26/2023 7:00:00 AM,800,215.7,128.2,159.4,296.4,800.0,0.0,0.88,5.8,33.0,1.7,35.4,1,5/5/2023 10:06:15 AM
4/26/2023 12:00:00 PM,4/26/2023 8:00:00 AM,525,188.0,129.0,72.6,135.2,525.0,0.0,0.89,5.8,33.0,4.5,37.1,1,5/5/2023 10:06:15 AM
4/26/2023 1:00:00 PM,4/26/2023 9:00:00 AM,525,174.0,73.6,79.7,197.3,525.0,0.0,0.85,5.8,33.0,9.1,37.5,1,5/5/2023 10:06:15 AM
4/26/2023 2:00:00 PM,4/26/2023 10:00:00 AM,525,186.5,73.6,76.2,188.6,525.0,0.0,0.89,5.8,33.0,5.4,31.5,1,5/5/2023 10:06:15 AM
4/26/2023 3:00:00 PM,4/26/2023 11:00:00 AM,525,187.2,73.6,76.4,187.8,525.0,0.0,0.90,5.8,33.0,6.2,41.7,1,5/5/2023 10:06:15 AM
4/26/2023 4:00:00 PM,4/26/2023 12:00:00 PM,525,187.4,73.6,74.7,188.9,525.0,0.0,0.88,5.8,33.0,7.7,42.0,1,5/5/2023 10:06:15 AM
4/26/2023 5:00:00 PM,4/26/2023 1:00:00 PM,525,187.4,73.6,71.6,192.2,525.0,0.0,0.83,5.8,33.0,9.9,39.9,1,5/5/2023 10:06:15 AM
4/26/2023 6:00:00 PM,4/26/2023 2:00:00 PM,525,187.4,72.7,75.6,189.1,525.0,0.0,0.88,5.8,33.0,9.6,34.4,1,5/5/2023 10:06:15 AM
4/26/2023 7:00:00 PM,4/26/2023 3:00:00 PM,525,186.9,72.7,76.3,189.3,525.0,0.0,0.92,5.8,33.0,6.2,29.4,1,5/5/2023 10:06:15 AM
4/26/2023 8:00:00 PM,4/26/2023 4:00:00 PM,525,186.9,72.7,77.7,187.5,525.0,0.0,0.90,5.8,33.0,8.5,31.3,1,5/5/2023 10:06:15 AM
4/26/2023 9:00:00 PM,4/26/2023 5:00:00 PM,800,219.3,72.7,118.5,389.4,800.0,0.0,0.90,5.8,33.0,7.1,40.3,1,5/5/2023 10:06:15 AM
4/26/2023 10:00:00 PM,4/26/2023 6:00:00 PM,800,218.5,72.7,126.2,382.2,800.0,0.0,0.86,5.8,33.0,5.9,32.0,1,5/5/2023 10:06:15 AM
4/26/2023 11:00:00 PM,4/26/2023 7:00:00 PM,800,218.8,73.6,125.0,382.5,800.0,0.0,0.85,5.8,33.0,6.2,40.9,1,5/5/2023 10:06:15 AM
4/27/2023 12:00:00 AM,4/26/2023 8:00:00 PM,800,218.8,73.6,132.4,375.0,800.0,0.0,0.89,5.8,33.0,5.2,36.7,1,5/5/2023 10:06:15 AM
4/27/2023 1:00:00 AM,4/26/2023 9:00:00 PM,800,217.7,100.9,128.0,353.4,800.0,0.0,0.90,5.8,33.0,4.0,35.2,1,5/5/2023 10:06:15 AM
4/27/2023 2:00:00 AM,4/26/2023 10:00:00 PM,800,219.0,112.0,112.6,356.1,800.0,0.0,0.87,5.8,33.0,2.2,27.1,1,5/5/2023 10:06:15 AM
4/27/2023 3:00:00 AM,4/26/2023 11:00:00 PM,800,219.0,112.0,111.4,357.4,800.0,0.0,0.85,5.8,33.0,5.8,27.0,1,5/5/2023 10:06:15 AM
4/27/2023 4:00:00 AM,4/27/2023 12:00:00 AM,525,188.8,147.3,69.9,119.3,525.0,0.0,0.89,5.9,33.0,7.3,30.4,1,5/5/2023 10:06:15 AM
4/27/2023 5:00:00 AM,4/27/2023 1:00:00 AM,525,188.8,147.3,72.1,117.1,525.0,0.0,0.87,5.9,33.0,9.7,35.1,1,5/5/2023 10:06:15 AM
4/27/2023 6:00:00 AM,4/27/2023 2:00:00 AM,525,198.0,76.4,54.1,196.6,525.0,0.0,0.87,5.9,33.0,7.3,33.2,1,5/5/2023 10:06:15 AM
4/27/2023 7:00:00 AM,4/27/2023 3:00:00 AM,525,198.0,77.2,53.5,196.4,525.0,0.0,0.85,5.9,33.0,10.8,26.6,1,5/5/2023 10:06:15 AM
4/27/2023 8:00:00 AM,4/27/2023 4:00:00 AM,525,186.7,77.2,76.3,184.8,525.0,0.0,0.86,5.9,33.0,10.0,35.9,1,5/5/2023 10:06:15 AM
4/27/2023 9:00:00 AM,4/27/2023 5:00:00 AM,800,218.8,166.1,126.8,288.6,800.0,0.0,0.86,5.9,33.0,6.9,34.1,1,5/5/2023 10:06:15 AM
4/27/2023 10:00:00 AM,4/27/2023 6:00:00 AM,800,219.0,180.6,129.8,271.2,800.0,0.0,0.86,5.9,33.0,6.6,38.6,1,5/5/2023 10:06:15 AM
4/27/2023 11:00:00 AM,4/27/2023 7:00:00 AM,800,225.9,272.6,119.3,182.4,800.0,0.0,0.89,5.9,33.0,1.9,25.6,1,5/5/2023 10:06:15 AM
4/27/2023 12:00:00 PM,4/27/2023 8:00:00 AM,525,174.3,239.9,51.4,61.4,526.8,0.0,0.93,5.9,33.0,4.6,32.8,1,5/5/2023 10:06:15 AM
4/27/2023 1:00:00 PM,4/27/2023 9:00:00 AM,525,173.5,239.8,51.8,61.4,526.4,0.0,0.91,5.9,33.0,5.8,30.9,1,5/5/2023 10:06:15 AM
4/27/2023 2:00:00 PM,4/27/2023 10:00:00 AM,525,173.5,230.1,63.2,61.3,528.0,0.0,0.93,5.9,33.0,5.1,39.4,1,5/5/2023 10:06:15 AM
4/27/2023 3:00:00 PM,4/27/2023 11:00:00 AM,525,174.3,230.1,60.6,61.3,526.2,0.0,0.94,5.9,33.0,4.1,31.9,1,5/5/2023 10:06:15 AM
4/27/2023 4:00:00 PM,4/27/2023 12:00:00 PM,525,185.9,273.8,65.4,0.2,525.0,0.0,0.92,5.9,33.0,9.2,26.5,1,5/5/2023 10:06:15 AM
4/27/2023 5:00:00 PM,4/27/2023 1:00:00 PM,525,193.6,219.3,73.9,38.3,525.0,0.0,0.90,5.9,33.0,7.5,29.3,1,5/5/2023 10:06:15 AM
4/27/2023 6:00:00 PM,4/27/2023 2:00:00 PM,525,193.6,202.2,72.7,56.5,525.0,0.0,0.92,5.9,33.0,2.0,26.8,1,5/5/2023 10:06:15 AM
4/27/2023 7:00:00 PM,4/27/2023 3:00:00 PM,525,193.6,201.4,72.5,57.7,525.0,0.0,0.91,5.9,33.0,7.8,39.1,1,5/5/2023 10:06:15 AM
4/27/2023 8:00:00 PM,4/27/2023 4:00:00 PM,525,184.4,201.4,88.3,51.2,525.0,0.0,0.92,5.9,33.0,6.1,33.7,1,5/5/2023 10:06:15 AM
4/27/2023 9:00:00 PM,4/27/2023 5:00:00 PM,800,218.3,218.4,126.4,237.3,800.0,0.0,0.89,5.9,33.0,5.4,39.1,1,5/5/2023 10:06:15 AM
4/27/2023 10:00:00 PM,4/27/2023 6:00:00 PM,800,217.1,219.3,126.3,237.9,800.0,0.0,0.91,5.9,33.0,3.7,36.1,1,5/5/2023 10:06:15 AM
4/27/2023 11:00:00 PM,4/27/2023 7:00:00 PM,800,208.5,219.3,125.5,247.0,800.0,0.0,0.90,5.9,33.0,4.9,38.9,1,5/5/2023 10:06:15 AM
4/28/2023 12:00:00 AM,4/27/2023 8:00:00 PM,800,216.7,219.3,129.2,235.4,800.0,0.0,0.90,5.9,33.0,4.9,34.8,1,5/5/2023 10:06:15 AM
4/28/2023 1:00:00 AM,4/27/2023 9:00:00 PM,800,216.9,220.2,129.1,234.2,800.0,0.0,0.91,5.9,33.0,1.0,25.2,1,5/5/2023 10:06:15 AM
4/28/2023 2:00:00 AM,4/27/2023 10:00:00 PM,800,216.6,220.2,124.8,238.8,800.0,0.0,0.87,5.9,33.0,6.8,26.5,1,5/5/2023 10:06:15 AM
4/28/2023 3:00:00 AM,4/27/2023 11:00:00 PM,800,216.9,220.2,122.3,241.1,800.0,0.0,0.87,5.9,33.0,4.8,30.8,1,5/5/2023 10:06:15 AM
4/28/2023 4:00:00 AM,4/28/2023 12:00:00 AM,525,185.3,102.1,77.7,159.9,525.0,0.0,0.85,5.9,33.0,5.4,22.3,1,5/5/2023 10:06:15 AM
4/28/2023 5:00:00 AM,4/28/2023 1:00:00 AM,525,185.3,102.1,79.2,158.4,525.0,0.0,0.87,5.9,33.0,7.0,43.5,1,5/5/2023 10:06:15 AM
4/28/2023 6:00:00 AM,4/28/2023 2:00:00 AM,525,194.5,134.6,62.9,133.3,525.0,0.0,0.88,5.9,33.0,6.0,35.2,1,5/5/2023 10:06:15 AM
4/28/2023 7:00:00 AM,4/28/2023 3:00:00 AM,525,194.5,133.8,61.6,135.1,525.0,0.0,0.87,5.9,33.0,6.0,32.5,1,5/5/2023 10:06:15 AM
4/28/2023 8:00:00 AM,4/28/2023 4:00:00 AM,525,183.2,133.8,83.5,124.3,525.0,0.0,0.85,5.9,33.0,8.0,33.3,1,5/5/2023 10:06:15 AM
4/28/2023 9:00:00 AM,4/28/2023 5:00:00 AM,800,216.5,168.1,128.5,286.9,800.0,0.0,0.87,5.9,33.0,6.9,27.6,1,5/5/2023 10:06:15 AM
4/28/2023 10:00:00 AM,4/28/2023 6:00:00 AM,800,215.0,168.9,127.4,288.8,800.0,0.0,0.87,5.9,33.0,6.2,28.4,1,5/5/2023 10:06:15 AM
4/28/2023 11:00:00 AM,4/28/2023 7:00:00 AM,800,217.3,207.6,143.2,232.0,800.0,0.0,0.91,5.9,33.0,5.4,36.1,1,5/5/2023 10:06:15 AM
4/28/2023 12:00:00 PM,4/28/2023 8:00:00 AM,525,174.9,234.9,77.8,37.5,525.0,0.0,0.92,5.9,33.0,6.1,36.7,1,5/5/2023 10:06:15 AM
4/28/2023 1:00:00 PM,4/28/2023 9:00:00 AM,525,168.9,234.9,83.9,37.4,525.0,0.0,0.93,5.9,33.0,6.7,25.8,1,5/5/2023 10:06:15 AM
4/28/2023 2:00:00 PM,4/28/2023 10:00:00 AM,525,166.3,218.2,86.8,16.4,487.6,37.4,0.93,5.9,33.0,6.7,25.8,1,5/5/2023 10:06:15 AM
4/28/2023 3:00:00 PM,4/28/2023 11:00:00 AM,525,167.1,162.8,85.9,77.4,493.0,31.9,0.90,5.9,33.0,10.2,32.4,1,5/5/2023 10:06:15 AM
4/28/2023 4:00:00 PM,4/28/2023 12:00:00 PM,525,166.9,162.8,85.8,77.4,492.8,32.2,0.87,5.9,33.0,5.6,26.6,1,5/5/2023 10:06:15 AM
4/28/2023 5:00:00 PM,4/28/2023 1:00:00 PM,525,167.1,216.9,87.2,16.4,487.6,37.4,0.91,5.9,33.0,2.0,24.6,1,5/5/2023 10:06:15 AM
4/28/2023 6:00:00 PM,4/28/2023 2:00:00 PM,525,184.6,146.4,89.2,104.7,525.0,0.0,0.85,5.9,33.0,6.3,28.3,1,5/5/2023 10:06:15 AM
4/28/2023 7:00:00 PM,4/28/2023 3:00:00 PM,525,182.0,118.2,93.2,131.7,525.0,0.0,0.91,5.9,33.0,7.7,32.4,1,5/5/2023 10:06:15 AM
4/28/2023 8:00:00 PM,4/28/2023 4:00:00 PM,525,191.0,173.7,80.0,80.7,525.0,0.0,0.89,5.9,33.0,8.8,38.0,1,5/5/2023 10:06:15 AM
4/28/2023 9:00:00 PM,4/28/2023 5:00:00 PM,800,222.1,172.8,151.8,253.5,800.0,0.0,0.87,5.9,33.0,6.1,37.2,1,5/5/2023 10:06:15 AM
4/28/2023 10:00:00 PM,4/28/2023 6:00:00 PM,800,222.3,155.6,153.2,269.1,800.0,0.0,0.90,5.9,33.0,3.7,31.5,1,5/5/2023 10:06:15 AM
4/28/2023 11:00:00 PM,4/28/2023 7:00:00 PM,800,222.5,155.6,151.4,270.5,800.0,0.0,0.89,5.9,33.0,4.5,36.7,1,5/5/2023 10:06:15 AM
4/29/2023 12:00:00 AM,4/28/2023 8:00:00 PM,800,222.5,164.6,152.1,260.8,800.0,0.0,0.91,5.9,33.0,4.8,38.3,1,5/5/2023 10:06:15 AM
4/29/2023 1:00:00 AM,4/28/2023 9:00:00 PM,800,222.7,101.9,152.0,323.6,800.0,0.0,0.89,5.9,33.0,4.0,37.7,1,5/5/2023 10:06:15 AM
4/29/2023 2:00:00 AM,4/28/2023 10:00:00 PM,800,222.7,203.0,121.5,253.1,800.0,0.0,0.86,5.9,33.0,4.1,36.9,1,5/5/2023 10:06:15 AM
4/29/2023 3:00:00 AM,4/28/2023 11:00:00 PM,800,222.7,203.0,120.3,254.0,800.0,0.0,0.83,5.9,33.0,7.8,24.1,1,5/5/2023 10:06:15 AM
4/29/2023 4:00:00 AM,4/29/2023 12:00:00 AM,525,193.9,150.8,71.8,108.3,525.0,0.0,0.89,5.9,32.8,1.9,36.1,1,5/5/2023 10:06:15 AM
4/29/2023 5:00:00 AM,4/29/2023 1:00:00 AM,525,193.9,151.6,74.7,104.6,525.0,0.0,0.87,5.9,32.8,12.5,23.8,1,5/5/2023 10:06:15 AM
4/29/2023 6:00:00 AM,4/29/2023 2:00:00 AM,525,191.1,151.6,74.8,107.3,525.0,0.0,0.89,5.9,32.8,6.5,34.4,1,5/5/2023 10:06:15 AM
4/29/2023 7:00:00 AM,4/29/2023 3:00:00 AM,525,190.3,151.6,74.3,108.4,525.0,0.0,0.89,5.9,32.8,7.5,30.0,1,5/5/2023 10:06:15 AM
4/29/2023 8:00:00 AM,4/29/2023 4:00:00 AM,525,188.2,151.6,80.2,104.9,525.0,0.0,0.90,5.9,32.8,6.3,33.2,1,5/5/2023 10:06:15 AM
4/29/2023 9:00:00 AM,4/29/2023 5:00:00 AM,800,217.3,203.0,112.9,266.2,800.0,0.0,0.88,5.9,32.8,4.1,41.7,1,5/5/2023 10:06:15 AM
4/29/2023 10:00:00 AM,4/29/2023 6:00:00 AM,800,217.3,203.0,133.2,246.1,800.0,0.0,0.91,5.9,32.8,3.7,30.7,1,5/5/2023 10:06:15 AM
4/29/2023 11:00:00 AM,4/29/2023 7:00:00 AM,800,216.9,203.0,125.6,254.1,800.0,0.0,0.90,5.9,32.8,4.9,34.6,1,5/5/2023 10:06:15 AM
4/29/2023 12:00:00 PM,4/29/2023 8:00:00 AM,525,188.5,202.9,69.5,63.7,525.0,0.0,0.90,5.9,32.8,9.1,35.4,1,5/5/2023 10:06:15 AM
4/29/2023 1:00:00 PM,4/29/2023 9:00:00 AM,525,188.1,203.0,62.3,72.1,525.7,0.0,0.90,5.9,32.8,5.5,27.6,1,5/5/2023 10:06:15 AM
4/29/2023 2:00:00 PM,4/29/2023 10:00:00 AM,525,188.1,203.0,72.9,60.9,525.0,0.0,0.92,5.9,32.8,5.2,39.1,1,5/5/2023 10:06:15 AM
4/29/2023 3:00:00 PM,4/29/2023 11:00:00 AM,525,188.8,116.9,82.3,137.0,525.0,0.0,0.90,5.9,32.8,3.0,36.2,1,5/5/2023 10:06:15 AM
4/29/2023 4:00:00 PM,4/29/2023 12:00:00 PM,525,188.1,116.5,82.2,138.1,525.0,0.0,0.89,5.9,32.8,4.6,25.0,1,5/5/2023 10:06:15 AM
4/29/2023 5:00:00 PM,4/29/2023 1:00:00 PM,525,188.1,126.7,79.2,131.0,525.0,0.0,0.89,5.9,32.8,4.5,37.5,1,5/5/2023 10:06:15 AM
4/29/2023 6:00:00 PM,4/29/2023 2:00:00 PM,525,188.1,126.2,83.5,127.1,525.0,0.0,0.90,5.9,32.8,4.9,27.3,1,5/5/2023 10:06:15 AM
4/29/2023 7:00:00 PM,4/29/2023 3:00:00 PM,525,188.1,125.8,82.7,128.2,525.0,0.0,0.91,5.9,32.8,9.9,31.5,1,5/5/2023 10:06:15 AM
4/29/2023 8:00:00 PM,4/29/2023 4:00:00 PM,525,188.3,125.4,83.0,128.3,525.0,0.0,0.92,5.9,32.8,7.7,41.2,1,5/5/2023 10:06:15 AM
4/29/2023 9:00:00 PM,4/29/2023 5:00:00 PM,800,217.4,125.4,154.4,302.7,800.0,0.0,0.91,5.9,32.8,4.3,35.8,1,5/5/2023 10:06:15 AM
4/29/2023 10:00:00 PM,4/29/2023 6:00:00 PM,800,217.2,211.1,156.0,215.1,800.0,0.0,0.89,5.9,32.8,5.2,31.6,1,5/5/2023 10:06:15 AM
4/29/2023 11:00:00 PM,4/29/2023 7:00:00 PM,800,217.7,211.5,154.1,216.2,800.0,0.0,0.88,5.9,32.8,3.2,33.6,1,5/5/2023 10:06:15 AM
4/30/2023 12:00:00 AM,4/29/2023 8:00:00 PM,800,211.8,211.9,145.1,231.0,800.0,0.0,0.89,5.9,32.8,4.6,38.9,1,5/5/2023 10:06:15 AM
4/30/2023 1:00:00 AM,4/29/2023 9:00:00 PM,800,207.1,212.3,127.0,253.4,800.0,0.0,0.90,5.9,32.8,5.1,39.9,1,5/5/2023 10:06:15 AM
4/30/2023 2:00:00 AM,4/29/2023 10:00:00 PM,800,212.0,212.3,137.0,238.5,800.0,0.0,0.89,5.9,32.8,4.1,35.0,1,5/5/2023 10:06:15 AM
4/30/2023 3:00:00 AM,4/29/2023 11:00:00 PM,800,212.0,211.9,137.2,238.7,800.0,0.0,0.89,5.9,32.8,3.7,28.3,1,5/5/2023 10:06:15 AM
4/30/2023 4:00:00 AM,4/30/2023 12:00:00 AM,525,183.3,160.3,85.2,96.2,525.0,0.0,0.90,5.9,33.0,8.1,35.9,1,5/5/2023 10:06:15 AM
4/30/2023 5:00:00 AM,4/30/2023 1:00:00 AM,525,183.3,149.7,87.2,104.7,525.0,0.0,0.89,5.9,33.0,9.7,33.7,1,5/5/2023 10:06:15 AM
4/30/2023 6:00:00 AM,4/30/2023 2:00:00 AM,525,192.5,149.7,71.8,110.8,525.0,0.0,0.89,5.9,33.0,9.9,32.9,1,5/5/2023 10:06:15 AM
4/30/2023 7:00:00 AM,4/30/2023 3:00:00 AM,525,192.5,149.7,70.8,111.8,525.0,0.0,0.88,5.9,33.0,4.9,29.2,1,5/5/2023 10:06:15 AM
4/30/2023 8:00:00 AM,4/30/2023 4:00:00 AM,525,181.5,149.7,90.4,103.5,525.0,0.0,0.89,5.9,33.0,7.8,38.8,1,5/5/2023 10:06:15 AM
4/30/2023 9:00:00 AM,4/30/2023 5:00:00 AM,800,212.6,126.4,124.6,336.7,800.0,0.0,0.89,5.9,33.0,6.4,36.0,1,5/5/2023 10:06:15 AM
4/30/2023 10:00:00 AM,4/30/2023 6:00:00 AM,800,212.6,160.5,126.9,300.1,800.0,0.0,0.90,5.9,33.0,4.5,32.7,1,5/5/2023 10:06:15 AM
4/30/2023 11:00:00 AM,4/30/2023 7:00:00 AM,800,213.0,160.5,131.5,295.3,800.0,0.0,0.89,5.9,33.0,4.5,31.9,1,5/5/2023 10:06:15 AM
4/30/2023 12:00:00 PM,4/30/2023 8:00:00 AM,525,181.5,160.5,92.6,90.4,525.0,0.0,0.89,5.9,33.0,7.4,27.4,1,5/5/2023 10:06:15 AM
4/30/2023 1:00:00 PM,4/30/2023 9:00:00 AM,525,181.1,160.5,93.0,90.6,525.0,0.0,0.91,5.9,33.0,4.6,30.9,1,5/5/2023 10:06:15 AM
4/30/2023 2:00:00 PM,4/30/2023 10:00:00 AM,525,181.1,190.0,93.3,60.9,525.0,0.0,0.91,5.9,33.0,5.0,35.1,1,5/5/2023 10:06:15 AM
4/30/2023 3:00:00 PM,4/30/2023 11:00:00 AM,525,181.2,124.4,95.6,123.8,525.0,0.0,0.84,5.9,33.0,5.5,22.0,1,5/5/2023 10:06:15 AM
4/30/2023 4:00:00 PM,4/30/2023 12:00:00 PM,525,180.5,124.0,96.8,123.6,525.0,0.0,0.85,5.9,33.0,6.3,37.7,1,5/5/2023 10:06:15 AM
4/30/2023 5:00:00 PM,4/30/2023 1:00:00 PM,525,179.2,123.6,93.3,128.8,525.0,0.0,0.90,5.9,33.0,6.5,30.3,1,5/5/2023 10:06:15 AM
4/30/2023 6:00:00 PM,4/30/2023 2:00:00 PM,525,180.5,123.2,92.6,128.6,525.0,0.0,0.86,5.9,33.0,10.3,32.3,1,5/5/2023 10:06:15 AM
4/30/2023 7:00:00 PM,4/30/2023 3:00:00 PM,525,180.5,123.2,92.4,128.7,525.0,0.0,0.91,5.9,33.0,4.7,28.3,1,5/5/2023 10:06:15 AM
4/30/2023 8:00:00 PM,4/30/2023 4:00:00 PM,525,180.5,123.2,93.0,128.1,525.0,0.0,0.90,5.9,33.0,9.1,36.5,1,5/5/2023 10:06:15 AM
4/30/2023 9:00:00 PM,4/30/2023 5:00:00 PM,800,211.7,123.2,159.5,305.6,800.0,0.0,0.91,5.9,33.0,3.9,30.0,1,5/5/2023 10:06:15 AM
4/30/2023 10:00:00 PM,4/30/2023 6:00:00 PM,800,211.7,191.9,167.9,228.8,800.0,0.0,0.88,5.9,33.0,7.3,33.2,1,5/5/2023 10:06:15 AM
4/30/2023 11:00:00 PM,4/30/2023 7:00:00 PM,800,212.1,192.3,164.8,231.0,800.0,0.0,0.88,5.9,33.0,4.1,37.6,1,5/5/2023 10:06:15 AM
5/1/2023 12:00:00 AM,4/30/2023 8:00:00 PM,800,212.1,192.7,163.9,231.4,800.0,0.0,0.89,5.9,33.0,5.0,32.1,1,5/5/2023 10:06:15 AM
5/1/2023 1:00:00 AM,4/30/2023 9:00:00 PM,800,212.3,192.7,134.6,260.5,800.0,0.0,0.87,5.9,33.0,3.7,27.6,1,5/5/2023 10:06:15 AM
5/1/2023 2:00:00 AM,4/30/2023 10:00:00 PM,800,209.5,192.7,136.6,261.2,800.0,0.0,0.85,5.9,33.0,6.8,17.7,1,5/5/2023 10:06:15 AM
5/1/2023 3:00:00 AM,4/30/2023 11:00:00 PM,800,209.5,196.3,135.9,258.3,800.0,0.0,0.87,5.9,33.0,3.9,31.7,1,5/5/2023 10:06:15 AM
