datetime_beginning_utc,datetime_beginning_ept,pnode_id,pnode_name,voltage,equipment,type,zone,system_energy_price_rt,value,congestion_price_rt,marginal_loss_price_rt,row_is_current,version_nbr
4/1/2023 4:00:00 AM,4/1/2023 12:00:00 AM,1,PJM-RTO,,,ZONE,,22.05,22.11465,0.050303,0.014347,TRUE,1
4/1/2023 5:00:00 AM,4/1/2023 1:00:00 AM,1,PJM-RTO,,,ZONE,,37.85,37.892495,0.014184,0.024145,TRUE,1
4/1/2023 6:00:00 AM,4/1/2023 2:00:00 AM,1,PJM-RTO,,,ZONE,,31.62,31.639684,0.009096,0.015588,TRUE,1
4/1/2023 7:00:00 AM,4/1/2023 3:00:00 AM,1,PJM-RTO,,,ZONE,,21.22,21.24512,0.011417,0.01287,TRUE,1
4/1/2023 8:00:00 AM,4/1/2023 4:00:00 AM,1,PJM-RTO,,,ZONE,,25.26,25.299267,0.01943,0.016504,TRUE,1
4/1/2023 9:00:00 AM,4/1/2023 5:00:00 AM,1,PJM-RTO,,,ZONE,,21.98,22.053685,0.065057,0.012795,TRUE,1
4/1/2023 10:00:00 AM,4/1/2023 6:00:00 AM,1,PJM-RTO,,,ZONE,,13.25,13.396767,0.135214,0.007387,TRUE,1
4/1/2023 11:00:00 AM,4/1/2023 7:00:00 AM,1,PJM-RTO,,,ZONE,,17.15,17.291985,0.12984,0.011312,TRUE,1
4/1/2023 12:00:00 PM,4/1/2023 8:00:00 AM,1,PJM-RTO,,,ZONE,,22.81,22.913021,0.083816,0.015038,TRUE,1
4/1/2023 1:00:00 PM,4/1/2023 9:00:00 AM,1,PJM-RTO,,,ZONE,,40.46,40.51945,0.031019,0.024265,TRUE,1
4/1/2023 2:00:00 PM,4/1/2023 10:00:00 AM,1,PJM-RTO,,,ZONE,,38.45,38.517082,0.038341,0.026241,TRUE,1
4/1/2023 3:00:00 PM,4/1/2023 11:00:00 AM,1,PJM-RTO,,,ZONE,,28.71,28.755123,0.026859,0.017431,TRUE,1
4/1/2023 4:00:00 PM,4/1/2023 12:00:00 PM,1,PJM-RTO,,,ZONE,,22.61,22.647021,0.024487,0.013368,TRUE,1
4/1/2023 5:00:00 PM,4/1/2023 1:00:00 PM,1,PJM-RTO,,,ZONE,,24.19,24.206737,0.009469,0.012268,TRUE,1
4/1/2023 6:00:00 PM,4/1/2023 2:00:00 PM,1,PJM-RTO,,,ZONE,,19.41,19.432543,0.016153,0.009723,TRUE,1
4/1/2023 7:00:00 PM,4/1/2023 3:00:00 PM,1,PJM-RTO,,,ZONE,,19.39,19.420606,0.020015,0.011424,TRUE,1
4/1/2023 8:00:00 PM,4/1/2023 4:00:00 PM,1,PJM-RTO,,,ZONE,,22.83,22.857567,0.013143,0.012758,TRUE,1
4/1/2023 9:00:00 PM,4/1/2023 5:00:00 PM,1,PJM-RTO,,,ZONE,,37.96,37.983662,0.00697,0.019192,TRUE,1
4/1/2023 10:00:00 PM,4/1/2023 6:00:00 PM,1,PJM-RTO,,,ZONE,,51.64,51.691619,0.027206,0.02858,TRUE,1
4/1/2023 11:00:00 PM,4/1/2023 7:00:00 PM,1,PJM-RTO,,,ZONE,,31.4,31.41169,0,0.015857,TRUE,1
4/2/2023 12:00:00 AM,4/1/2023 8:00:00 PM,1,PJM-RTO,,,ZONE,,33.57,33.58759,0.000578,0.016178,TRUE,1
4/2/2023 1:00:00 AM,4/1/2023 9:00:00 PM,1,PJM-RTO,,,ZONE,,33.72,33.740674,0.001666,0.016508,TRUE,1
4/2/2023 2:00:00 AM,4/1/2023 10:00:00 PM,1,PJM-RTO,,,ZONE,,32.6,32.625805,0.008981,0.014324,TRUE,1
4/2/2023 3:00:00 AM,4/1/2023 11:00:00 PM,1,PJM-RTO,,,ZONE,,29.08,29.097553,0,0.013386,TRUE,1
4/2/2023 4:00:00 AM,4/2/2023 12:00:00 AM,1,PJM-RTO,,,ZONE,,22.15,22.164313,0.00022,0.009927,TRUE,1
4/2/2023 5:00:00 AM,4/2/2023 1:00:00 AM,1,PJM-RTO,,,ZONE,,20.83,20.846109,0.009671,0.009771,TRUE,1
4/2/2023 6:00:00 AM,4/2/2023 2:00:00 AM,1,PJM-RTO,,,ZONE,,24.16,24.204888,0.027106,0.013616,TRUE,1
4/2/2023 7:00:00 AM,4/2/2023 3:00:00 AM,1,PJM-RTO,,,ZONE,,25.94,25.987185,0.035538,0.014147,TRUE,1
4/2/2023 8:00:00 AM,4/2/2023 4:00:00 AM,1,PJM-RTO,,,ZONE,,23.58,23.65627,0.060077,0.012027,TRUE,1
4/2/2023 9:00:00 AM,4/2/2023 5:00:00 AM,1,PJM-RTO,,,ZONE,,30.45,30.561966,0.091424,0.017208,TRUE,1
4/2/2023 10:00:00 AM,4/2/2023 6:00:00 AM,1,PJM-RTO,,,ZONE,,21.87,21.992751,0.113001,0.01225,TRUE,1
4/2/2023 11:00:00 AM,4/2/2023 7:00:00 AM,1,PJM-RTO,,,ZONE,,23.24,23.314748,0.063226,0.012355,TRUE,1
4/2/2023 12:00:00 PM,4/2/2023 8:00:00 AM,1,PJM-RTO,,,ZONE,,20.61,20.695769,0.072244,0.011858,TRUE,1
4/2/2023 1:00:00 PM,4/2/2023 9:00:00 AM,1,PJM-RTO,,,ZONE,,19.15,19.226668,0.066334,0.010335,TRUE,1
4/2/2023 2:00:00 PM,4/2/2023 10:00:00 AM,1,PJM-RTO,,,ZONE,,23.19,23.266099,0.062757,0.013342,TRUE,1
4/2/2023 3:00:00 PM,4/2/2023 11:00:00 AM,1,PJM-RTO,,,ZONE,,18.2,18.328846,0.114466,0.011047,TRUE,1
4/2/2023 4:00:00 PM,4/2/2023 12:00:00 PM,1,PJM-RTO,,,ZONE,,15.87,15.991951,0.115785,0.008666,TRUE,1
4/2/2023 5:00:00 PM,4/2/2023 1:00:00 PM,1,PJM-RTO,,,ZONE,,13.1,13.204904,0.101292,0.006946,TRUE,1
4/2/2023 6:00:00 PM,4/2/2023 2:00:00 PM,1,PJM-RTO,,,ZONE,,14.46,14.546147,0.082255,0.008058,TRUE,1
4/2/2023 7:00:00 PM,4/2/2023 3:00:00 PM,1,PJM-RTO,,,ZONE,,12.57,12.675886,0.098572,0.007314,TRUE,1
4/2/2023 8:00:00 PM,4/2/2023 4:00:00 PM,1,PJM-RTO,,,ZONE,,15.54,15.660099,0.116875,0.008223,TRUE,1
4/2/2023 9:00:00 PM,4/2/2023 5:00:00 PM,1,PJM-RTO,,,ZONE,,18.64,18.7812,0.135129,0.011071,TRUE,1
4/2/2023 10:00:00 PM,4/2/2023 6:00:00 PM,1,PJM-RTO,,,ZONE,,23.1,23.25683,0.140623,0.012874,TRUE,1
4/2/2023 11:00:00 PM,4/2/2023 7:00:00 PM,1,PJM-RTO,,,ZONE,,40.35,40.445354,0.074343,0.02351,TRUE,1
4/3/2023 12:00:00 AM,4/2/2023 8:00:00 PM,1,PJM-RTO,,,ZONE,,64.21,64.241268,0.002051,0.034217,TRUE,1
4/3/2023 1:00:00 AM,4/2/2023 9:00:00 PM,1,PJM-RTO,,,ZONE,,30.5,30.53782,0.025018,0.017801,TRUE,1
4/3/2023 2:00:00 AM,4/2/2023 10:00:00 PM,1,PJM-RTO,,,ZONE,,22.19,22.231812,0.03097,0.013342,TRUE,1
4/3/2023 3:00:00 AM,4/2/2023 11:00:00 PM,1,PJM-RTO,,,ZONE,,30.12,30.202706,0.069212,0.018494,TRUE,1
4/3/2023 4:00:00 AM,4/3/2023 12:00:00 AM,1,PJM-RTO,,,ZONE,,16.33,16.405455,0.061003,0.010285,TRUE,1
4/3/2023 5:00:00 AM,4/3/2023 1:00:00 AM,1,PJM-RTO,,,ZONE,,17.07,17.15043,0.071636,0.009627,TRUE,1
4/3/2023 6:00:00 AM,4/3/2023 2:00:00 AM,1,PJM-RTO,,,ZONE,,17.88,17.903903,0.016181,0.011056,TRUE,1
4/3/2023 7:00:00 AM,4/3/2023 3:00:00 AM,1,PJM-RTO,,,ZONE,,20.21,20.236173,0.010441,0.012399,TRUE,1
4/3/2023 8:00:00 AM,4/3/2023 4:00:00 AM,1,PJM-RTO,,,ZONE,,25.5,25.530623,0.010694,0.016595,TRUE,1
4/3/2023 9:00:00 AM,4/3/2023 5:00:00 AM,1,PJM-RTO,,,ZONE,,36.22,36.240033,0.000938,0.021594,TRUE,1
4/3/2023 10:00:00 AM,4/3/2023 6:00:00 AM,1,PJM-RTO,,,ZONE,,39.21,39.328524,0.090976,0.024214,TRUE,1
4/3/2023 11:00:00 AM,4/3/2023 7:00:00 AM,1,PJM-RTO,,,ZONE,,36.85,36.858609,-0.013013,0.019122,TRUE,1
4/3/2023 12:00:00 PM,4/3/2023 8:00:00 AM,1,PJM-RTO,,,ZONE,,30.01,30.027205,-0.00006,0.013931,TRUE,1
4/3/2023 1:00:00 PM,4/3/2023 9:00:00 AM,1,PJM-RTO,,,ZONE,,30.74,30.753476,-0.000126,0.014436,TRUE,1
4/3/2023 2:00:00 PM,4/3/2023 10:00:00 AM,1,PJM-RTO,,,ZONE,,32.34,32.359187,0.004735,0.014452,TRUE,1
4/3/2023 3:00:00 PM,4/3/2023 11:00:00 AM,1,PJM-RTO,,,ZONE,,31.34,31.357399,0.001521,0.013378,TRUE,1
4/3/2023 4:00:00 PM,4/3/2023 12:00:00 PM,1,PJM-RTO,,,ZONE,,30.45,30.476088,0.008561,0.014194,TRUE,1
4/3/2023 5:00:00 PM,4/3/2023 1:00:00 PM,1,PJM-RTO,,,ZONE,,50.43,50.496401,0.041784,0.024616,TRUE,1
4/3/2023 6:00:00 PM,4/3/2023 2:00:00 PM,1,PJM-RTO,,,ZONE,,24.38,24.397301,0.008202,0.010766,TRUE,1
4/3/2023 7:00:00 PM,4/3/2023 3:00:00 PM,1,PJM-RTO,,,ZONE,,26.99,27.009218,0.001895,0.01399,TRUE,1
4/3/2023 8:00:00 PM,4/3/2023 4:00:00 PM,1,PJM-RTO,,,ZONE,,28.49,28.510579,0.008947,0.014132,TRUE,1
4/3/2023 9:00:00 PM,4/3/2023 5:00:00 PM,1,PJM-RTO,,,ZONE,,37.93,38.012796,0.067508,0.019455,TRUE,1
4/3/2023 10:00:00 PM,4/3/2023 6:00:00 PM,1,PJM-RTO,,,ZONE,,25.07,25.10481,0.027088,0.011056,TRUE,1
4/3/2023 11:00:00 PM,4/3/2023 7:00:00 PM,1,PJM-RTO,,,ZONE,,37.72,37.775245,0.037457,0.019454,TRUE,1
4/4/2023 12:00:00 AM,4/3/2023 8:00:00 PM,1,PJM-RTO,,,ZONE,,40.89,40.947847,0.034148,0.021198,TRUE,1
4/4/2023 1:00:00 AM,4/3/2023 9:00:00 PM,1,PJM-RTO,,,ZONE,,33.39,33.442598,0.035967,0.015798,TRUE,1
4/4/2023 2:00:00 AM,4/3/2023 10:00:00 PM,1,PJM-RTO,,,ZONE,,24.35,24.380982,0.013475,0.013341,TRUE,1
4/4/2023 3:00:00 AM,4/3/2023 11:00:00 PM,1,PJM-RTO,,,ZONE,,22.38,22.427648,0.03916,0.010989,TRUE,1
4/4/2023 4:00:00 AM,4/4/2023 12:00:00 AM,1,PJM-RTO,,,ZONE,,17.35,17.440851,0.077923,0.008761,TRUE,1
4/4/2023 5:00:00 AM,4/4/2023 1:00:00 AM,1,PJM-RTO,,,ZONE,,15.82,15.91913,0.087933,0.008697,TRUE,1
4/4/2023 6:00:00 AM,4/4/2023 2:00:00 AM,1,PJM-RTO,,,ZONE,,19.57,19.687953,0.103267,0.010519,TRUE,1
4/4/2023 7:00:00 AM,4/4/2023 3:00:00 AM,1,PJM-RTO,,,ZONE,,20.25,20.384102,0.125191,0.011411,TRUE,1
4/4/2023 8:00:00 AM,4/4/2023 4:00:00 AM,1,PJM-RTO,,,ZONE,,15.8,15.909322,0.104709,0.00878,TRUE,1
4/4/2023 9:00:00 AM,4/4/2023 5:00:00 AM,1,PJM-RTO,,,ZONE,,18.97,19.101031,0.121426,0.009605,TRUE,1
4/4/2023 10:00:00 AM,4/4/2023 6:00:00 AM,1,PJM-RTO,,,ZONE,,32.47,32.577722,0.09577,0.015285,TRUE,1
4/4/2023 11:00:00 AM,4/4/2023 7:00:00 AM,1,PJM-RTO,,,ZONE,,29.94,29.958557,0.005509,0.014715,TRUE,1
4/4/2023 12:00:00 PM,4/4/2023 8:00:00 AM,1,PJM-RTO,,,ZONE,,27.53,27.557811,0.015708,0.014603,TRUE,1
4/4/2023 1:00:00 PM,4/4/2023 9:00:00 AM,1,PJM-RTO,,,ZONE,,28.64,28.669191,0.010004,0.015021,TRUE,1
4/4/2023 2:00:00 PM,4/4/2023 10:00:00 AM,1,PJM-RTO,,,ZONE,,20.77,20.806391,0.02432,0.012071,TRUE,1
4/4/2023 3:00:00 PM,4/4/2023 11:00:00 AM,1,PJM-RTO,,,ZONE,,24.09,24.112722,0.010131,0.012591,TRUE,1
4/4/2023 4:00:00 PM,4/4/2023 12:00:00 PM,1,PJM-RTO,,,ZONE,,26.51,26.534698,0.012083,0.013448,TRUE,1
4/4/2023 5:00:00 PM,4/4/2023 1:00:00 PM,1,PJM-RTO,,,ZONE,,31.16,31.244723,0.067759,0.014464,TRUE,1
4/4/2023 6:00:00 PM,4/4/2023 2:00:00 PM,1,PJM-RTO,,,ZONE,,37.89,38.102645,0.188898,0.019581,TRUE,1
4/4/2023 7:00:00 PM,4/4/2023 3:00:00 PM,1,PJM-RTO,,,ZONE,,27.6,27.738796,0.123235,0.014728,TRUE,1
4/4/2023 8:00:00 PM,4/4/2023 4:00:00 PM,1,PJM-RTO,,,ZONE,,32.51,32.722345,0.191025,0.017153,TRUE,1
4/4/2023 9:00:00 PM,4/4/2023 5:00:00 PM,1,PJM-RTO,,,ZONE,,75.15,75.638213,0.449093,0.038286,TRUE,1
4/4/2023 10:00:00 PM,4/4/2023 6:00:00 PM,1,PJM-RTO,,,ZONE,,74.65,75.20302,0.520463,0.035057,TRUE,1
4/4/2023 11:00:00 PM,4/4/2023 7:00:00 PM,1,PJM-RTO,,,ZONE,,58.43,58.809778,0.347068,0.031877,TRUE,1
4/5/2023 12:00:00 AM,4/4/2023 8:00:00 PM,1,PJM-RTO,,,ZONE,,55.87,56.110745,0.210075,0.029003,TRUE,1
4/5/2023 1:00:00 AM,4/4/2023 9:00:00 PM,1,PJM-RTO,,,ZONE,,39.39,39.476698,0.071858,0.019839,TRUE,1
4/5/2023 2:00:00 AM,4/4/2023 10:00:00 PM,1,PJM-RTO,,,ZONE,,37.56,37.676576,0.093254,0.019156,TRUE,1
4/5/2023 3:00:00 AM,4/4/2023 11:00:00 PM,1,PJM-RTO,,,ZONE,,19.33,19.347709,0.014285,0.008423,TRUE,1
4/5/2023 4:00:00 AM,4/5/2023 12:00:00 AM,1,PJM-RTO,,,ZONE,,16.14,16.168053,0.022115,0.010105,TRUE,1
4/5/2023 5:00:00 AM,4/5/2023 1:00:00 AM,1,PJM-RTO,,,ZONE,,15,15.025076,0.020372,0.008871,TRUE,1
4/5/2023 6:00:00 AM,4/5/2023 2:00:00 AM,1,PJM-RTO,,,ZONE,,12.93,12.960694,0.020209,0.008819,TRUE,1
4/5/2023 7:00:00 AM,4/5/2023 3:00:00 AM,1,PJM-RTO,,,ZONE,,13.21,13.247609,0.032096,0.006346,TRUE,1
4/5/2023 8:00:00 AM,4/5/2023 4:00:00 AM,1,PJM-RTO,,,ZONE,,14.4,14.454415,0.048009,0.008906,TRUE,1
4/5/2023 9:00:00 AM,4/5/2023 5:00:00 AM,1,PJM-RTO,,,ZONE,,15.33,15.385413,0.04244,0.008806,TRUE,1
4/5/2023 10:00:00 AM,4/5/2023 6:00:00 AM,1,PJM-RTO,,,ZONE,,22.09,22.140247,0.034703,0.012211,TRUE,1
4/5/2023 11:00:00 AM,4/5/2023 7:00:00 AM,1,PJM-RTO,,,ZONE,,26.65,26.687461,0.028531,0.013096,TRUE,1
4/5/2023 12:00:00 PM,4/5/2023 8:00:00 AM,1,PJM-RTO,,,ZONE,,21.44,21.488559,0.037196,0.011362,TRUE,1
4/5/2023 1:00:00 PM,4/5/2023 9:00:00 AM,1,PJM-RTO,,,ZONE,,26.19,26.265752,0.05698,0.014605,TRUE,1
4/5/2023 2:00:00 PM,4/5/2023 10:00:00 AM,1,PJM-RTO,,,ZONE,,29.35,29.431291,0.067058,0.016733,TRUE,1
4/5/2023 3:00:00 PM,4/5/2023 11:00:00 AM,1,PJM-RTO,,,ZONE,,32.03,32.104685,0.055431,0.019254,TRUE,1
4/5/2023 4:00:00 PM,4/5/2023 12:00:00 PM,1,PJM-RTO,,,ZONE,,49.26,49.636418,0.347769,0.029483,TRUE,1
4/5/2023 5:00:00 PM,4/5/2023 1:00:00 PM,1,PJM-RTO,,,ZONE,,43.69,43.918775,0.207305,0.02647,TRUE,1
4/5/2023 6:00:00 PM,4/5/2023 2:00:00 PM,1,PJM-RTO,,,ZONE,,69.21,69.709326,0.453111,0.047048,TRUE,1
4/5/2023 7:00:00 PM,4/5/2023 3:00:00 PM,1,PJM-RTO,,,ZONE,,43.75,44.170674,0.389362,0.030479,TRUE,1
4/5/2023 8:00:00 PM,4/5/2023 4:00:00 PM,1,PJM-RTO,,,ZONE,,68.12,68.827193,0.663699,0.048494,TRUE,1
4/5/2023 9:00:00 PM,4/5/2023 5:00:00 PM,1,PJM-RTO,,,ZONE,,59,59.49574,0.458029,0.041877,TRUE,1
4/5/2023 10:00:00 PM,4/5/2023 6:00:00 PM,1,PJM-RTO,,,ZONE,,51.25,51.56261,0.275512,0.037931,TRUE,1
4/5/2023 11:00:00 PM,4/5/2023 7:00:00 PM,1,PJM-RTO,,,ZONE,,55.66,55.942096,0.244577,0.040852,TRUE,1
4/6/2023 12:00:00 AM,4/5/2023 8:00:00 PM,1,PJM-RTO,,,ZONE,,51.77,52.02189,0.214812,0.033745,TRUE,1
4/6/2023 1:00:00 AM,4/5/2023 9:00:00 PM,1,PJM-RTO,,,ZONE,,67.11,67.386532,0.23456,0.039472,TRUE,1
4/6/2023 2:00:00 AM,4/5/2023 10:00:00 PM,1,PJM-RTO,,,ZONE,,31.51,31.585321,0.055963,0.018524,TRUE,1
4/6/2023 3:00:00 AM,4/5/2023 11:00:00 PM,1,PJM-RTO,,,ZONE,,49.28,49.54053,0.229885,0.028145,TRUE,1
4/6/2023 4:00:00 AM,4/6/2023 12:00:00 AM,1,PJM-RTO,,,ZONE,,16.25,16.301669,0.04172,0.011616,FALSE,1
4/6/2023 4:00:00 AM,4/6/2023 12:00:00 AM,1,PJM-RTO,,,ZONE,,16.25,16.301669,0.04172,0.011616,TRUE,2
4/6/2023 5:00:00 AM,4/6/2023 1:00:00 AM,1,PJM-RTO,,,ZONE,,17.87,17.898143,0.013929,0.010048,FALSE,1
4/6/2023 5:00:00 AM,4/6/2023 1:00:00 AM,1,PJM-RTO,,,ZONE,,17.87,17.898143,0.013929,0.010048,TRUE,2
4/6/2023 6:00:00 AM,4/6/2023 2:00:00 AM,1,PJM-RTO,,,ZONE,,14.37,14.385771,0.00806,0.006878,FALSE,1
4/6/2023 6:00:00 AM,4/6/2023 2:00:00 AM,1,PJM-RTO,,,ZONE,,14.37,14.385771,0.00806,0.006878,TRUE,2
4/6/2023 7:00:00 AM,4/6/2023 3:00:00 AM,1,PJM-RTO,,,ZONE,,15,15.017605,0.006712,0.007561,FALSE,1
4/6/2023 7:00:00 AM,4/6/2023 3:00:00 AM,1,PJM-RTO,,,ZONE,,15,15.017605,0.006712,0.007561,TRUE,2
4/6/2023 8:00:00 AM,4/6/2023 4:00:00 AM,1,PJM-RTO,,,ZONE,,15.61,15.627666,0.004531,0.008968,FALSE,1
4/6/2023 8:00:00 AM,4/6/2023 4:00:00 AM,1,PJM-RTO,,,ZONE,,15.61,15.627666,0.004531,0.008968,TRUE,2
4/6/2023 9:00:00 AM,4/6/2023 5:00:00 AM,1,PJM-RTO,,,ZONE,,18.15,18.169222,0.01381,0.010412,FALSE,1
4/6/2023 9:00:00 AM,4/6/2023 5:00:00 AM,1,PJM-RTO,,,ZONE,,18.15,18.169222,0.01381,0.010412,TRUE,2
4/6/2023 10:00:00 AM,4/6/2023 6:00:00 AM,1,PJM-RTO,,,ZONE,,22.48,22.509245,0.020788,0.011791,FALSE,1
4/6/2023 10:00:00 AM,4/6/2023 6:00:00 AM,1,PJM-RTO,,,ZONE,,22.48,22.509245,0.020788,0.011791,TRUE,2
4/6/2023 11:00:00 AM,4/6/2023 7:00:00 AM,1,PJM-RTO,,,ZONE,,22.1,22.119338,0.005787,0.010218,FALSE,1
4/6/2023 11:00:00 AM,4/6/2023 7:00:00 AM,1,PJM-RTO,,,ZONE,,22.1,22.119338,0.005787,0.010218,TRUE,2
4/6/2023 12:00:00 PM,4/6/2023 8:00:00 AM,1,PJM-RTO,,,ZONE,,27.14,27.17904,0.022501,0.013206,FALSE,1
4/6/2023 12:00:00 PM,4/6/2023 8:00:00 AM,1,PJM-RTO,,,ZONE,,27.14,27.17904,0.022501,0.013206,TRUE,2
4/6/2023 1:00:00 PM,4/6/2023 9:00:00 AM,1,PJM-RTO,,,ZONE,,27.5,27.549285,0.038297,0.013488,FALSE,1
4/6/2023 1:00:00 PM,4/6/2023 9:00:00 AM,1,PJM-RTO,,,ZONE,,27.5,27.549285,0.038297,0.013488,TRUE,2
4/6/2023 2:00:00 PM,4/6/2023 10:00:00 AM,1,PJM-RTO,,,ZONE,,34.11,34.166364,0.043185,0.015679,FALSE,1
4/6/2023 2:00:00 PM,4/6/2023 10:00:00 AM,1,PJM-RTO,,,ZONE,,34.11,34.166364,0.043185,0.015679,TRUE,2
4/6/2023 3:00:00 PM,4/6/2023 11:00:00 AM,1,PJM-RTO,,,ZONE,,30.7,30.802804,0.087353,0.017117,FALSE,1
4/6/2023 3:00:00 PM,4/6/2023 11:00:00 AM,1,PJM-RTO,,,ZONE,,30.7,30.802804,0.087353,0.017117,TRUE,2
4/6/2023 4:00:00 PM,4/6/2023 12:00:00 PM,1,PJM-RTO,,,ZONE,,54.75,55.105601,0.328559,0.027042,FALSE,1
4/6/2023 4:00:00 PM,4/6/2023 12:00:00 PM,1,PJM-RTO,,,ZONE,,54.75,55.105601,0.328559,0.027042,TRUE,2
4/6/2023 5:00:00 PM,4/6/2023 1:00:00 PM,1,PJM-RTO,,,ZONE,,26.95,27.002934,0.038279,0.014655,FALSE,1
4/6/2023 5:00:00 PM,4/6/2023 1:00:00 PM,1,PJM-RTO,,,ZONE,,26.95,27.002934,0.038279,0.014655,TRUE,2
4/6/2023 6:00:00 PM,4/6/2023 2:00:00 PM,1,PJM-RTO,,,ZONE,,37.57,37.779036,0.184605,0.021098,FALSE,1
4/6/2023 6:00:00 PM,4/6/2023 2:00:00 PM,1,PJM-RTO,,,ZONE,,37.57,37.779036,0.184605,0.021098,TRUE,2
4/6/2023 7:00:00 PM,4/6/2023 3:00:00 PM,1,PJM-RTO,,,ZONE,,49.88,50.245388,0.331823,0.030232,FALSE,1
4/6/2023 7:00:00 PM,4/6/2023 3:00:00 PM,1,PJM-RTO,,,ZONE,,49.88,50.245388,0.331823,0.030232,TRUE,2
4/6/2023 8:00:00 PM,4/6/2023 4:00:00 PM,1,PJM-RTO,,,ZONE,,67.63,68.106305,0.441746,0.037893,FALSE,1
4/6/2023 8:00:00 PM,4/6/2023 4:00:00 PM,1,PJM-RTO,,,ZONE,,67.63,68.106305,0.441746,0.037893,TRUE,2
4/6/2023 9:00:00 PM,4/6/2023 5:00:00 PM,1,PJM-RTO,,,ZONE,,39.16,39.343988,0.158467,0.024687,FALSE,1
4/6/2023 9:00:00 PM,4/6/2023 5:00:00 PM,1,PJM-RTO,,,ZONE,,37.83,37.982002,0.128811,0.024858,TRUE,2
4/6/2023 10:00:00 PM,4/6/2023 6:00:00 PM,1,PJM-RTO,,,ZONE,,30.68,30.700534,0.006434,0.018267,FALSE,1
4/6/2023 10:00:00 PM,4/6/2023 6:00:00 PM,1,PJM-RTO,,,ZONE,,30.68,30.700534,0.006434,0.018267,TRUE,2
4/6/2023 11:00:00 PM,4/6/2023 7:00:00 PM,1,PJM-RTO,,,ZONE,,43.66,43.676953,-0.004032,0.023485,FALSE,1
4/6/2023 11:00:00 PM,4/6/2023 7:00:00 PM,1,PJM-RTO,,,ZONE,,43.66,43.676953,-0.004032,0.023485,TRUE,2
4/7/2023 12:00:00 AM,4/6/2023 8:00:00 PM,1,PJM-RTO,,,ZONE,,34.48,34.496515,0.000748,0.015767,FALSE,1
4/7/2023 12:00:00 AM,4/6/2023 8:00:00 PM,1,PJM-RTO,,,ZONE,,34.48,34.496515,0.000748,0.015767,TRUE,2
4/7/2023 1:00:00 AM,4/6/2023 9:00:00 PM,1,PJM-RTO,,,ZONE,,31.63,31.650131,0.00921,0.01342,FALSE,1
4/7/2023 1:00:00 AM,4/6/2023 9:00:00 PM,1,PJM-RTO,,,ZONE,,31.63,31.650131,0.00921,0.01342,TRUE,2
4/7/2023 2:00:00 AM,4/6/2023 10:00:00 PM,1,PJM-RTO,,,ZONE,,38.42,38.46206,0.015832,0.022062,FALSE,1
4/7/2023 2:00:00 AM,4/6/2023 10:00:00 PM,1,PJM-RTO,,,ZONE,,38.42,38.46206,0.015832,0.022062,TRUE,2
4/7/2023 3:00:00 AM,4/6/2023 11:00:00 PM,1,PJM-RTO,,,ZONE,,33.83,33.939912,0.091214,0.014531,FALSE,1
4/7/2023 3:00:00 AM,4/6/2023 11:00:00 PM,1,PJM-RTO,,,ZONE,,33.83,33.939912,0.091214,0.014531,TRUE,2
4/7/2023 4:00:00 AM,4/7/2023 12:00:00 AM,1,PJM-RTO,,,ZONE,,17.34,17.34686,0,0.00936,TRUE,1
4/7/2023 5:00:00 AM,4/7/2023 1:00:00 AM,1,PJM-RTO,,,ZONE,,15.32,15.321753,0,0.006753,TRUE,1
4/7/2023 6:00:00 AM,4/7/2023 2:00:00 AM,1,PJM-RTO,,,ZONE,,15.35,15.357409,0,0.009075,TRUE,1
4/7/2023 7:00:00 AM,4/7/2023 3:00:00 AM,1,PJM-RTO,,,ZONE,,14.75,14.764265,0.000921,0.009177,TRUE,1
4/7/2023 8:00:00 AM,4/7/2023 4:00:00 AM,1,PJM-RTO,,,ZONE,,15.04,15.057947,0.01587,0.007077,TRUE,1
4/7/2023 9:00:00 AM,4/7/2023 5:00:00 AM,1,PJM-RTO,,,ZONE,,13.88,13.94485,0.054372,0.008812,TRUE,1
4/7/2023 10:00:00 AM,4/7/2023 6:00:00 AM,1,PJM-RTO,,,ZONE,,14.05,14.156426,0.102169,0.007591,TRUE,1
4/7/2023 11:00:00 AM,4/7/2023 7:00:00 AM,1,PJM-RTO,,,ZONE,,18.31,18.40116,0.083648,0.011679,TRUE,1
4/7/2023 12:00:00 PM,4/7/2023 8:00:00 AM,1,PJM-RTO,,,ZONE,,24.02,24.097076,0.068024,0.014052,TRUE,1
4/7/2023 1:00:00 PM,4/7/2023 9:00:00 AM,1,PJM-RTO,,,ZONE,,25.08,25.160283,0.064466,0.014984,TRUE,1
4/7/2023 2:00:00 PM,4/7/2023 10:00:00 AM,1,PJM-RTO,,,ZONE,,25.31,25.342391,0.018585,0.01214,TRUE,1
4/7/2023 3:00:00 PM,4/7/2023 11:00:00 AM,1,PJM-RTO,,,ZONE,,23.44,23.470763,0.022302,0.011794,TRUE,1
4/7/2023 4:00:00 PM,4/7/2023 12:00:00 PM,1,PJM-RTO,,,ZONE,,23.68,23.743853,0.046713,0.013808,TRUE,1
4/7/2023 5:00:00 PM,4/7/2023 1:00:00 PM,1,PJM-RTO,,,ZONE,,27.73,27.776798,0.032122,0.013009,TRUE,1
4/7/2023 6:00:00 PM,4/7/2023 2:00:00 PM,1,PJM-RTO,,,ZONE,,23.92,23.975295,0.045172,0.012623,TRUE,1
4/7/2023 7:00:00 PM,4/7/2023 3:00:00 PM,1,PJM-RTO,,,ZONE,,22.4,22.445613,0.033593,0.01202,TRUE,1
4/7/2023 8:00:00 PM,4/7/2023 4:00:00 PM,1,PJM-RTO,,,ZONE,,25.06,25.139135,0.068601,0.012201,TRUE,1
4/7/2023 9:00:00 PM,4/7/2023 5:00:00 PM,1,PJM-RTO,,,ZONE,,24.48,24.528921,0.041141,0.012781,TRUE,1
4/7/2023 10:00:00 PM,4/7/2023 6:00:00 PM,1,PJM-RTO,,,ZONE,,18.76,18.830103,0.055689,0.011081,TRUE,1
4/7/2023 11:00:00 PM,4/7/2023 7:00:00 PM,1,PJM-RTO,,,ZONE,,32.02,32.077698,0.042371,0.017828,TRUE,1
4/8/2023 12:00:00 AM,4/7/2023 8:00:00 PM,1,PJM-RTO,,,ZONE,,23.81,23.852154,0.029301,0.011186,TRUE,1
4/8/2023 1:00:00 AM,4/7/2023 9:00:00 PM,1,PJM-RTO,,,ZONE,,20.84,20.908978,0.057683,0.009628,TRUE,1
4/8/2023 2:00:00 AM,4/7/2023 10:00:00 PM,1,PJM-RTO,,,ZONE,,17.9,18.004266,0.093235,0.008531,TRUE,1
4/8/2023 3:00:00 AM,4/7/2023 11:00:00 PM,1,PJM-RTO,,,ZONE,,16.9,16.986121,0.076593,0.007028,TRUE,1
4/8/2023 4:00:00 AM,4/8/2023 12:00:00 AM,1,PJM-RTO,,,ZONE,,32.8,32.998643,0.185162,0.01848,TRUE,1
4/8/2023 5:00:00 AM,4/8/2023 1:00:00 AM,1,PJM-RTO,,,ZONE,,20.28,20.360357,0.073861,0.008996,TRUE,1
4/8/2023 6:00:00 AM,4/8/2023 2:00:00 AM,1,PJM-RTO,,,ZONE,,22.24,22.451094,0.203961,0.0113,TRUE,1
4/8/2023 7:00:00 AM,4/8/2023 3:00:00 AM,1,PJM-RTO,,,ZONE,,26.21,26.350145,0.129129,0.014349,TRUE,1
4/8/2023 8:00:00 AM,4/8/2023 4:00:00 AM,1,PJM-RTO,,,ZONE,,16.62,16.752981,0.120758,0.010556,TRUE,1
4/8/2023 9:00:00 AM,4/8/2023 5:00:00 AM,1,PJM-RTO,,,ZONE,,33.81,33.998154,0.167771,0.020382,TRUE,1
4/8/2023 10:00:00 AM,4/8/2023 6:00:00 AM,1,PJM-RTO,,,ZONE,,21.37,21.411249,0.033292,0.012123,TRUE,1
4/8/2023 11:00:00 AM,4/8/2023 7:00:00 AM,1,PJM-RTO,,,ZONE,,28.82,28.863949,0.027746,0.014536,TRUE,1
4/8/2023 12:00:00 PM,4/8/2023 8:00:00 AM,1,PJM-RTO,,,ZONE,,27.31,27.425653,0.105882,0.013938,TRUE,1
4/8/2023 1:00:00 PM,4/8/2023 9:00:00 AM,1,PJM-RTO,,,ZONE,,25.16,25.261186,0.090927,0.013592,TRUE,1
4/8/2023 2:00:00 PM,4/8/2023 10:00:00 AM,1,PJM-RTO,,,ZONE,,23.24,23.322897,0.075668,0.00973,TRUE,1
4/8/2023 3:00:00 PM,4/8/2023 11:00:00 AM,1,PJM-RTO,,,ZONE,,19.92,20.01874,0.088518,0.009389,TRUE,1
4/8/2023 4:00:00 PM,4/8/2023 12:00:00 PM,1,PJM-RTO,,,ZONE,,21.4,21.502468,0.096787,0.009847,TRUE,1
4/8/2023 5:00:00 PM,4/8/2023 1:00:00 PM,1,PJM-RTO,,,ZONE,,26.58,26.67293,0.085244,0.012686,TRUE,1
4/8/2023 6:00:00 PM,4/8/2023 2:00:00 PM,1,PJM-RTO,,,ZONE,,26.43,26.564516,0.120944,0.013572,TRUE,1
4/8/2023 7:00:00 PM,4/8/2023 3:00:00 PM,1,PJM-RTO,,,ZONE,,24.29,24.46002,0.159244,0.013276,TRUE,1
4/8/2023 8:00:00 PM,4/8/2023 4:00:00 PM,1,PJM-RTO,,,ZONE,,18.86,19.105573,0.242112,0.008461,TRUE,1
4/8/2023 9:00:00 PM,4/8/2023 5:00:00 PM,1,PJM-RTO,,,ZONE,,18.85,19.05835,0.201102,0.009748,TRUE,1
4/8/2023 10:00:00 PM,4/8/2023 6:00:00 PM,1,PJM-RTO,,,ZONE,,23.52,23.649483,0.116421,0.012229,TRUE,1
4/8/2023 11:00:00 PM,4/8/2023 7:00:00 PM,1,PJM-RTO,,,ZONE,,42.99,43.071955,0.064828,0.019626,TRUE,1
4/9/2023 12:00:00 AM,4/8/2023 8:00:00 PM,1,PJM-RTO,,,ZONE,,36.62,36.721035,0.083429,0.016773,TRUE,1
4/9/2023 1:00:00 AM,4/8/2023 9:00:00 PM,1,PJM-RTO,,,ZONE,,34.04,34.175638,0.118646,0.017825,TRUE,1
4/9/2023 2:00:00 AM,4/8/2023 10:00:00 PM,1,PJM-RTO,,,ZONE,,24.17,24.250884,0.071958,0.013092,TRUE,1
4/9/2023 3:00:00 AM,4/8/2023 11:00:00 PM,1,PJM-RTO,,,ZONE,,25.81,25.865727,0.03746,0.014101,TRUE,1
4/9/2023 4:00:00 AM,4/9/2023 12:00:00 AM,1,PJM-RTO,,,ZONE,,23.18,23.30971,0.113885,0.011658,TRUE,1
4/9/2023 5:00:00 AM,4/9/2023 1:00:00 AM,1,PJM-RTO,,,ZONE,,24.58,24.74781,0.157944,0.013199,TRUE,1
4/9/2023 6:00:00 AM,4/9/2023 2:00:00 AM,1,PJM-RTO,,,ZONE,,38.15,38.366185,0.187452,0.025401,TRUE,1
4/9/2023 7:00:00 AM,4/9/2023 3:00:00 AM,1,PJM-RTO,,,ZONE,,17.67,17.909719,0.230066,0.010486,TRUE,1
4/9/2023 8:00:00 AM,4/9/2023 4:00:00 AM,1,PJM-RTO,,,ZONE,,18.3,18.541396,0.231568,0.011494,TRUE,1
4/9/2023 9:00:00 AM,4/9/2023 5:00:00 AM,1,PJM-RTO,,,ZONE,,29.01,29.17947,0.152945,0.016525,TRUE,1
4/9/2023 10:00:00 AM,4/9/2023 6:00:00 AM,1,PJM-RTO,,,ZONE,,42.68,42.803503,0.100988,0.023348,TRUE,1
4/9/2023 11:00:00 AM,4/9/2023 7:00:00 AM,1,PJM-RTO,,,ZONE,,38.81,38.939021,0.105994,0.022194,TRUE,1
4/9/2023 12:00:00 PM,4/9/2023 8:00:00 AM,1,PJM-RTO,,,ZONE,,16.86,16.9961,0.129253,0.009347,TRUE,1
4/9/2023 1:00:00 PM,4/9/2023 9:00:00 AM,1,PJM-RTO,,,ZONE,,15.11,15.199162,0.078684,0.007978,TRUE,1
4/9/2023 2:00:00 PM,4/9/2023 10:00:00 AM,1,PJM-RTO,,,ZONE,,15.11,15.167805,0.052946,0.008193,TRUE,1
4/9/2023 3:00:00 PM,4/9/2023 11:00:00 AM,1,PJM-RTO,,,ZONE,,15.15,15.208586,0.051936,0.007483,TRUE,1
4/9/2023 4:00:00 PM,4/9/2023 12:00:00 PM,1,PJM-RTO,,,ZONE,,16.83,16.836328,0.000948,0.010379,TRUE,1
4/9/2023 5:00:00 PM,4/9/2023 1:00:00 PM,1,PJM-RTO,,,ZONE,,9.37,9.490202,0.120594,0.004609,TRUE,1
4/9/2023 6:00:00 PM,4/9/2023 2:00:00 PM,1,PJM-RTO,,,ZONE,,7.7,7.817359,0.113194,0.003332,TRUE,1
4/9/2023 7:00:00 PM,4/9/2023 3:00:00 PM,1,PJM-RTO,,,ZONE,,8.69,8.780767,0.088016,0.005251,TRUE,1
4/9/2023 8:00:00 PM,4/9/2023 4:00:00 PM,1,PJM-RTO,,,ZONE,,8.48,8.586931,0.10338,0.005218,TRUE,1
4/9/2023 9:00:00 PM,4/9/2023 5:00:00 PM,1,PJM-RTO,,,ZONE,,12.29,12.32272,0.025397,0.007322,TRUE,1
4/9/2023 10:00:00 PM,4/9/2023 6:00:00 PM,1,PJM-RTO,,,ZONE,,19.83,19.857325,0.01597,0.012189,TRUE,1
4/9/2023 11:00:00 PM,4/9/2023 7:00:00 PM,1,PJM-RTO,,,ZONE,,31.93,31.972738,0.025664,0.015407,TRUE,1
4/10/2023 12:00:00 AM,4/9/2023 8:00:00 PM,1,PJM-RTO,,,ZONE,,28.74,28.753928,0,0.014761,TRUE,1
4/10/2023 1:00:00 AM,4/9/2023 9:00:00 PM,1,PJM-RTO,,,ZONE,,22.26,22.27272,0.004155,0.008565,TRUE,1
4/10/2023 2:00:00 AM,4/9/2023 10:00:00 PM,1,PJM-RTO,,,ZONE,,21.58,21.590392,0.001206,0.01002,TRUE,1
4/10/2023 3:00:00 AM,4/9/2023 11:00:00 PM,1,PJM-RTO,,,ZONE,,18.34,18.367906,0.014429,0.00931,TRUE,1
4/10/2023 4:00:00 AM,4/10/2023 12:00:00 AM,1,PJM-RTO,,,ZONE,,16.97,17.000289,0.022458,0.008665,TRUE,1
4/10/2023 5:00:00 AM,4/10/2023 1:00:00 AM,1,PJM-RTO,,,ZONE,,17.63,17.666741,0.028971,0.00777,TRUE,1
4/10/2023 6:00:00 AM,4/10/2023 2:00:00 AM,1,PJM-RTO,,,ZONE,,16.71,16.767856,0.05449,0.008366,TRUE,1
4/10/2023 7:00:00 AM,4/10/2023 3:00:00 AM,1,PJM-RTO,,,ZONE,,17.08,17.140457,0.05202,0.008437,TRUE,1
4/10/2023 8:00:00 AM,4/10/2023 4:00:00 AM,1,PJM-RTO,,,ZONE,,19.2,19.27102,0.064915,0.009438,TRUE,1
4/10/2023 9:00:00 AM,4/10/2023 5:00:00 AM,1,PJM-RTO,,,ZONE,,17.56,17.62981,0.05922,0.00809,TRUE,1
4/10/2023 10:00:00 AM,4/10/2023 6:00:00 AM,1,PJM-RTO,,,ZONE,,42.02,42.110792,0.072924,0.020368,TRUE,1
4/10/2023 11:00:00 AM,4/10/2023 7:00:00 AM,1,PJM-RTO,,,ZONE,,48.14,48.21408,0.052048,0.022865,TRUE,1
4/10/2023 12:00:00 PM,4/10/2023 8:00:00 AM,1,PJM-RTO,,,ZONE,,25.89,25.928058,0.033425,0.009633,TRUE,1
4/10/2023 1:00:00 PM,4/10/2023 9:00:00 AM,1,PJM-RTO,,,ZONE,,25.92,25.936819,0.00599,0.010829,TRUE,1
4/10/2023 2:00:00 PM,4/10/2023 10:00:00 AM,1,PJM-RTO,,,ZONE,,30.88,30.899039,0.003461,0.015578,TRUE,1
4/10/2023 3:00:00 PM,4/10/2023 11:00:00 AM,1,PJM-RTO,,,ZONE,,28.04,28.062201,0.007038,0.01183,TRUE,1
4/10/2023 4:00:00 PM,4/10/2023 12:00:00 PM,1,PJM-RTO,,,ZONE,,25.52,25.537595,0.006924,0.012338,TRUE,1
4/10/2023 5:00:00 PM,4/10/2023 1:00:00 PM,1,PJM-RTO,,,ZONE,,28.42,28.436185,0.007142,0.013209,TRUE,1
4/10/2023 6:00:00 PM,4/10/2023 2:00:00 PM,1,PJM-RTO,,,ZONE,,29.17,29.187404,0.003553,0.01135,TRUE,1
4/10/2023 7:00:00 PM,4/10/2023 3:00:00 PM,1,PJM-RTO,,,ZONE,,27.33,27.338022,0.000549,0.00914,TRUE,1
4/10/2023 8:00:00 PM,4/10/2023 4:00:00 PM,1,PJM-RTO,,,ZONE,,23.82,23.82666,0.002941,0.007052,TRUE,1
4/10/2023 9:00:00 PM,4/10/2023 5:00:00 PM,1,PJM-RTO,,,ZONE,,26.47,26.471914,-0.001563,0.008477,TRUE,1
4/10/2023 10:00:00 PM,4/10/2023 6:00:00 PM,1,PJM-RTO,,,ZONE,,33.53,33.541695,0.000569,0.01446,TRUE,1
4/10/2023 11:00:00 PM,4/10/2023 7:00:00 PM,1,PJM-RTO,,,ZONE,,76.95,77.030318,0.051621,0.029531,TRUE,1
4/11/2023 12:00:00 AM,4/10/2023 8:00:00 PM,1,PJM-RTO,,,ZONE,,60.58,60.634879,0.024171,0.026541,TRUE,1
4/11/2023 1:00:00 AM,4/10/2023 9:00:00 PM,1,PJM-RTO,,,ZONE,,28.14,28.156388,0.007833,0.010221,TRUE,1
4/11/2023 2:00:00 AM,4/10/2023 10:00:00 PM,1,PJM-RTO,,,ZONE,,27.01,27.021427,0.001885,0.009542,TRUE,1
4/11/2023 3:00:00 AM,4/10/2023 11:00:00 PM,1,PJM-RTO,,,ZONE,,25.85,25.857245,0,0.010579,TRUE,1
4/11/2023 4:00:00 AM,4/11/2023 12:00:00 AM,1,PJM-RTO,,,ZONE,,21.17,21.174924,0,0.009924,TRUE,1
4/11/2023 5:00:00 AM,4/11/2023 1:00:00 AM,1,PJM-RTO,,,ZONE,,19.9,19.91747,0.005816,0.008321,TRUE,1
4/11/2023 6:00:00 AM,4/11/2023 2:00:00 AM,1,PJM-RTO,,,ZONE,,16.34,16.40799,0.060102,0.007888,TRUE,1
4/11/2023 7:00:00 AM,4/11/2023 3:00:00 AM,1,PJM-RTO,,,ZONE,,18.63,18.697626,0.061495,0.008631,TRUE,1
4/11/2023 8:00:00 AM,4/11/2023 4:00:00 AM,1,PJM-RTO,,,ZONE,,20.05,20.108794,0.050676,0.011451,TRUE,1
4/11/2023 9:00:00 AM,4/11/2023 5:00:00 AM,1,PJM-RTO,,,ZONE,,27.72,27.74916,0.012263,0.01523,TRUE,1
4/11/2023 10:00:00 AM,4/11/2023 6:00:00 AM,1,PJM-RTO,,,ZONE,,49.91,49.966368,0.033118,0.026584,TRUE,1
4/11/2023 11:00:00 AM,4/11/2023 7:00:00 AM,1,PJM-RTO,,,ZONE,,47.35,47.392652,0.018433,0.022553,TRUE,1
4/11/2023 12:00:00 PM,4/11/2023 8:00:00 AM,1,PJM-RTO,,,ZONE,,25.29,25.301477,0.003956,0.011688,TRUE,1
4/11/2023 1:00:00 PM,4/11/2023 9:00:00 AM,1,PJM-RTO,,,ZONE,,23.69,23.702104,0.005398,0.011706,TRUE,1
4/11/2023 2:00:00 PM,4/11/2023 10:00:00 AM,1,PJM-RTO,,,ZONE,,25.97,25.986785,0.004382,0.014069,TRUE,1
4/11/2023 3:00:00 PM,4/11/2023 11:00:00 AM,1,PJM-RTO,,,ZONE,,21.18,21.191442,-0.001563,0.008839,TRUE,1
4/11/2023 4:00:00 PM,4/11/2023 12:00:00 PM,1,PJM-RTO,,,ZONE,,23.47,23.481737,0.003396,0.010841,TRUE,1
4/11/2023 5:00:00 PM,4/11/2023 1:00:00 PM,1,PJM-RTO,,,ZONE,,21.59,21.602204,0.000533,0.010838,TRUE,1
4/11/2023 6:00:00 PM,4/11/2023 2:00:00 PM,1,PJM-RTO,,,ZONE,,22.51,22.51643,0.000382,0.010215,TRUE,1
4/11/2023 7:00:00 PM,4/11/2023 3:00:00 PM,1,PJM-RTO,,,ZONE,,22.95,22.965025,0.00206,0.012131,TRUE,1
4/11/2023 8:00:00 PM,4/11/2023 4:00:00 PM,1,PJM-RTO,,,ZONE,,24.3,24.315394,0.00109,0.014304,TRUE,1
4/11/2023 9:00:00 PM,4/11/2023 5:00:00 PM,1,PJM-RTO,,,ZONE,,37.14,37.243596,0.081026,0.02007,TRUE,1
4/11/2023 10:00:00 PM,4/11/2023 6:00:00 PM,1,PJM-RTO,,,ZONE,,31.37,31.396205,0.012111,0.016594,TRUE,1
4/11/2023 11:00:00 PM,4/11/2023 7:00:00 PM,1,PJM-RTO,,,ZONE,,55.17,55.241042,0.039307,0.029235,TRUE,1
4/12/2023 12:00:00 AM,4/11/2023 8:00:00 PM,1,PJM-RTO,,,ZONE,,57.11,57.205471,0.067194,0.029111,TRUE,1
4/12/2023 1:00:00 AM,4/11/2023 9:00:00 PM,1,PJM-RTO,,,ZONE,,20.03,20.057128,0.017189,0.009939,TRUE,1
4/12/2023 2:00:00 AM,4/11/2023 10:00:00 PM,1,PJM-RTO,,,ZONE,,14.89,14.917676,0.016774,0.007569,TRUE,1
4/12/2023 3:00:00 AM,4/11/2023 11:00:00 PM,1,PJM-RTO,,,ZONE,,11.53,11.562074,0.02609,0.006817,TRUE,1
4/12/2023 4:00:00 AM,4/12/2023 12:00:00 AM,1,PJM-RTO,,,ZONE,,10.12,10.174675,0.047631,0.00621,TRUE,1
4/12/2023 5:00:00 AM,4/12/2023 1:00:00 AM,1,PJM-RTO,,,ZONE,,11.1,11.111966,0.002632,0.005167,TRUE,1
4/12/2023 6:00:00 AM,4/12/2023 2:00:00 AM,1,PJM-RTO,,,ZONE,,10.05,10.058806,0.007965,0.005007,TRUE,1
4/12/2023 7:00:00 AM,4/12/2023 3:00:00 AM,1,PJM-RTO,,,ZONE,,8.72,8.747337,0.023822,0.005182,TRUE,1
4/12/2023 8:00:00 AM,4/12/2023 4:00:00 AM,1,PJM-RTO,,,ZONE,,9.46,9.503806,0.04077,0.005536,TRUE,1
4/12/2023 9:00:00 AM,4/12/2023 5:00:00 AM,1,PJM-RTO,,,ZONE,,14.95,15.014417,0.050625,0.01046,TRUE,1
4/12/2023 10:00:00 AM,4/12/2023 6:00:00 AM,1,PJM-RTO,,,ZONE,,18.88,18.920029,0.026092,0.013104,TRUE,1
4/12/2023 11:00:00 AM,4/12/2023 7:00:00 AM,1,PJM-RTO,,,ZONE,,21.53,21.562417,0.018171,0.014246,TRUE,1
4/12/2023 12:00:00 PM,4/12/2023 8:00:00 AM,1,PJM-RTO,,,ZONE,,18.82,18.843733,0.018369,0.00953,TRUE,1
4/12/2023 1:00:00 PM,4/12/2023 9:00:00 AM,1,PJM-RTO,,,ZONE,,16.54,16.570096,0.014882,0.011046,TRUE,1
4/12/2023 2:00:00 PM,4/12/2023 10:00:00 AM,1,PJM-RTO,,,ZONE,,16.96,16.977559,0.010389,0.007171,TRUE,1
4/12/2023 3:00:00 PM,4/12/2023 11:00:00 AM,1,PJM-RTO,,,ZONE,,21.17,21.18471,0.011553,0.007324,TRUE,1
4/12/2023 4:00:00 PM,4/12/2023 12:00:00 PM,1,PJM-RTO,,,ZONE,,19.24,19.256903,0.009415,0.008322,TRUE,1
4/12/2023 5:00:00 PM,4/12/2023 1:00:00 PM,1,PJM-RTO,,,ZONE,,20.69,20.709266,0.012247,0.007852,TRUE,1
4/12/2023 6:00:00 PM,4/12/2023 2:00:00 PM,1,PJM-RTO,,,ZONE,,23.56,23.578225,0.010157,0.010568,TRUE,1
4/12/2023 7:00:00 PM,4/12/2023 3:00:00 PM,1,PJM-RTO,,,ZONE,,46.17,46.268113,0.077004,0.016941,TRUE,1
4/12/2023 8:00:00 PM,4/12/2023 4:00:00 PM,1,PJM-RTO,,,ZONE,,37.2,37.227853,0.013506,0.013514,TRUE,1
4/12/2023 9:00:00 PM,4/12/2023 5:00:00 PM,1,PJM-RTO,,,ZONE,,39.21,39.238954,0.010511,0.01511,TRUE,1
4/12/2023 10:00:00 PM,4/12/2023 6:00:00 PM,1,PJM-RTO,,,ZONE,,41.53,41.569233,0.022803,0.014764,TRUE,1
4/12/2023 11:00:00 PM,4/12/2023 7:00:00 PM,1,PJM-RTO,,,ZONE,,40.1,40.130171,0.011898,0.014106,TRUE,1
4/13/2023 12:00:00 AM,4/12/2023 8:00:00 PM,1,PJM-RTO,,,ZONE,,43.74,43.762555,0.004914,0.013474,TRUE,1
4/13/2023 1:00:00 AM,4/12/2023 9:00:00 PM,1,PJM-RTO,,,ZONE,,22.72,22.729825,0.006008,0.006317,TRUE,1
4/13/2023 2:00:00 AM,4/12/2023 10:00:00 PM,1,PJM-RTO,,,ZONE,,21.14,21.154076,0.012572,0.006504,TRUE,1
4/13/2023 3:00:00 AM,4/12/2023 11:00:00 PM,1,PJM-RTO,,,ZONE,,13.01,13.016139,0.004192,0.004447,TRUE,1
4/13/2023 4:00:00 AM,4/13/2023 12:00:00 AM,1,PJM-RTO,,,ZONE,,14.6,14.620247,0.017297,0.006284,TRUE,1
4/13/2023 5:00:00 AM,4/13/2023 1:00:00 AM,1,PJM-RTO,,,ZONE,,11.71,11.749749,0.034157,0.004759,TRUE,1
4/13/2023 6:00:00 AM,4/13/2023 2:00:00 AM,1,PJM-RTO,,,ZONE,,9.98,10.003275,0.021081,0.004694,TRUE,1
4/13/2023 7:00:00 AM,4/13/2023 3:00:00 AM,1,PJM-RTO,,,ZONE,,9.8,9.819352,0.01968,0.003005,TRUE,1
4/13/2023 8:00:00 AM,4/13/2023 4:00:00 AM,1,PJM-RTO,,,ZONE,,11.89,11.916707,0.021546,0.004327,TRUE,1
4/13/2023 9:00:00 AM,4/13/2023 5:00:00 AM,1,PJM-RTO,,,ZONE,,15.25,15.283374,0.025185,0.004023,TRUE,1
4/13/2023 10:00:00 AM,4/13/2023 6:00:00 AM,1,PJM-RTO,,,ZONE,,20.59,20.627889,0.03265,0.007739,TRUE,1
4/13/2023 11:00:00 AM,4/13/2023 7:00:00 AM,1,PJM-RTO,,,ZONE,,21.1,21.129468,0.023897,0.007238,TRUE,1
4/13/2023 12:00:00 PM,4/13/2023 8:00:00 AM,1,PJM-RTO,,,ZONE,,17.45,17.468372,0.009377,0.006496,TRUE,1
4/13/2023 1:00:00 PM,4/13/2023 9:00:00 AM,1,PJM-RTO,,,ZONE,,26.01,26.028409,0.01351,0.008233,TRUE,1
4/13/2023 2:00:00 PM,4/13/2023 10:00:00 AM,1,PJM-RTO,,,ZONE,,19.72,19.729623,0.001066,0.006056,TRUE,1
4/13/2023 3:00:00 PM,4/13/2023 11:00:00 AM,1,PJM-RTO,,,ZONE,,30.74,30.813806,0.063919,0.01072,TRUE,1
4/13/2023 4:00:00 PM,4/13/2023 12:00:00 PM,1,PJM-RTO,,,ZONE,,44.81,45.010997,0.189041,0.015288,TRUE,1
4/13/2023 5:00:00 PM,4/13/2023 1:00:00 PM,1,PJM-RTO,,,ZONE,,38.72,38.771929,0.040641,0.012955,TRUE,1
4/13/2023 6:00:00 PM,4/13/2023 2:00:00 PM,1,PJM-RTO,,,ZONE,,23,23.016019,0.007952,0.0089,TRUE,1
4/13/2023 7:00:00 PM,4/13/2023 3:00:00 PM,1,PJM-RTO,,,ZONE,,48.4,48.58411,0.16632,0.021124,TRUE,1
4/13/2023 8:00:00 PM,4/13/2023 4:00:00 PM,1,PJM-RTO,,,ZONE,,44.54,44.625035,0.064966,0.017569,TRUE,1
4/13/2023 9:00:00 PM,4/13/2023 5:00:00 PM,1,PJM-RTO,,,ZONE,,98.61,98.603943,-0.047571,0.039014,TRUE,1
4/13/2023 10:00:00 PM,4/13/2023 6:00:00 PM,1,PJM-RTO,,,ZONE,,49.91,49.873349,-0.053257,0.017439,TRUE,1
4/13/2023 11:00:00 PM,4/13/2023 7:00:00 PM,1,PJM-RTO,,,ZONE,,36.05,36.050469,-0.010946,0.013081,TRUE,1
4/14/2023 12:00:00 AM,4/13/2023 8:00:00 PM,1,PJM-RTO,,,ZONE,,38.53,38.541426,-0.001198,0.014291,TRUE,1
4/14/2023 1:00:00 AM,4/13/2023 9:00:00 PM,1,PJM-RTO,,,ZONE,,23.17,23.185317,0.00525,0.0059,TRUE,1
4/14/2023 2:00:00 AM,4/13/2023 10:00:00 PM,1,PJM-RTO,,,ZONE,,17.9,17.906894,0.007117,0.004777,TRUE,1
4/14/2023 3:00:00 AM,4/13/2023 11:00:00 PM,1,PJM-RTO,,,ZONE,,20.44,20.458879,0.01662,0.006426,TRUE,1
4/14/2023 4:00:00 AM,4/14/2023 12:00:00 AM,1,PJM-RTO,,,ZONE,,21.01,21.030309,0.012185,0.005624,TRUE,1
4/14/2023 5:00:00 AM,4/14/2023 1:00:00 AM,1,PJM-RTO,,,ZONE,,16.99,17.015059,0.015532,0.007026,TRUE,1
4/14/2023 6:00:00 AM,4/14/2023 2:00:00 AM,1,PJM-RTO,,,ZONE,,14.11,14.126186,0.00939,0.005129,TRUE,1
4/14/2023 7:00:00 AM,4/14/2023 3:00:00 AM,1,PJM-RTO,,,ZONE,,13.7,13.714397,0.00936,0.004203,TRUE,1
4/14/2023 8:00:00 AM,4/14/2023 4:00:00 AM,1,PJM-RTO,,,ZONE,,15.38,15.399413,0.013159,0.003754,TRUE,1
4/14/2023 9:00:00 AM,4/14/2023 5:00:00 AM,1,PJM-RTO,,,ZONE,,17.39,17.401656,0.007138,0.006185,TRUE,1
4/14/2023 10:00:00 AM,4/14/2023 6:00:00 AM,1,PJM-RTO,,,ZONE,,19.12,19.143992,0.01476,0.006732,TRUE,1
4/14/2023 11:00:00 AM,4/14/2023 7:00:00 AM,1,PJM-RTO,,,ZONE,,27.06,27.080733,0.014504,0.010395,TRUE,1
4/14/2023 12:00:00 PM,4/14/2023 8:00:00 AM,1,PJM-RTO,,,ZONE,,46.16,46.100205,-0.076124,0.017162,TRUE,1
4/14/2023 1:00:00 PM,4/14/2023 9:00:00 AM,1,PJM-RTO,,,ZONE,,25.7,25.637998,-0.06449,0.007488,TRUE,1
4/14/2023 2:00:00 PM,4/14/2023 10:00:00 AM,1,PJM-RTO,,,ZONE,,25.17,25.177804,-0.003892,0.009196,TRUE,1
4/14/2023 3:00:00 PM,4/14/2023 11:00:00 AM,1,PJM-RTO,,,ZONE,,27.69,27.675664,-0.028408,0.010738,TRUE,1
4/14/2023 4:00:00 PM,4/14/2023 12:00:00 PM,1,PJM-RTO,,,ZONE,,23.9,23.908399,0,0.009232,TRUE,1
4/14/2023 5:00:00 PM,4/14/2023 1:00:00 PM,1,PJM-RTO,,,ZONE,,26.92,26.926326,0,0.00966,TRUE,1
4/14/2023 6:00:00 PM,4/14/2023 2:00:00 PM,1,PJM-RTO,,,ZONE,,28.94,28.947754,0.0006,0.011321,TRUE,1
4/14/2023 7:00:00 PM,4/14/2023 3:00:00 PM,1,PJM-RTO,,,ZONE,,30.61,30.619114,0.001148,0.012133,TRUE,1
4/14/2023 8:00:00 PM,4/14/2023 4:00:00 PM,1,PJM-RTO,,,ZONE,,35.5,35.514625,0.00406,0.012232,TRUE,1
4/14/2023 9:00:00 PM,4/14/2023 5:00:00 PM,1,PJM-RTO,,,ZONE,,32.32,32.340656,0.003834,0.013489,TRUE,1
4/14/2023 10:00:00 PM,4/14/2023 6:00:00 PM,1,PJM-RTO,,,ZONE,,34.3,34.310181,0,0.011848,TRUE,1
4/14/2023 11:00:00 PM,4/14/2023 7:00:00 PM,1,PJM-RTO,,,ZONE,,34.6,34.607443,0,0.01161,TRUE,1
4/15/2023 12:00:00 AM,4/14/2023 8:00:00 PM,1,PJM-RTO,,,ZONE,,38.59,38.602865,0,0.014531,TRUE,1
4/15/2023 1:00:00 AM,4/14/2023 9:00:00 PM,1,PJM-RTO,,,ZONE,,42.44,42.447474,0,0.01164,TRUE,1
4/15/2023 2:00:00 AM,4/14/2023 10:00:00 PM,1,PJM-RTO,,,ZONE,,31.22,31.231725,0.002171,0.010386,TRUE,1
4/15/2023 3:00:00 AM,4/14/2023 11:00:00 PM,1,PJM-RTO,,,ZONE,,24.63,24.639926,0.000675,0.008418,TRUE,1
4/15/2023 4:00:00 AM,4/15/2023 12:00:00 AM,1,PJM-RTO,,,ZONE,,25.39,25.404061,0.001587,0.011641,TRUE,1
4/15/2023 5:00:00 AM,4/15/2023 1:00:00 AM,1,PJM-RTO,,,ZONE,,33.94,33.955047,0.002272,0.011942,TRUE,1
4/15/2023 6:00:00 AM,4/15/2023 2:00:00 AM,1,PJM-RTO,,,ZONE,,19.5,19.515592,0.00745,0.008142,TRUE,1
4/15/2023 7:00:00 AM,4/15/2023 3:00:00 AM,1,PJM-RTO,,,ZONE,,19.79,19.802904,0.008212,0.006358,TRUE,1
4/15/2023 8:00:00 AM,4/15/2023 4:00:00 AM,1,PJM-RTO,,,ZONE,,18.51,18.533727,0.014661,0.0074,TRUE,1
4/15/2023 9:00:00 AM,4/15/2023 5:00:00 AM,1,PJM-RTO,,,ZONE,,18.31,18.326891,0.013121,0.005437,TRUE,1
4/15/2023 10:00:00 AM,4/15/2023 6:00:00 AM,1,PJM-RTO,,,ZONE,,19.73,19.755218,0.014867,0.008685,TRUE,1
4/15/2023 11:00:00 AM,4/15/2023 7:00:00 AM,1,PJM-RTO,,,ZONE,,25.34,25.362912,0.014829,0.008916,TRUE,1
4/15/2023 12:00:00 PM,4/15/2023 8:00:00 AM,1,PJM-RTO,,,ZONE,,23.03,23.056543,0.016439,0.009271,TRUE,1
4/15/2023 1:00:00 PM,4/15/2023 9:00:00 AM,1,PJM-RTO,,,ZONE,,25.22,25.233911,0.004356,0.010389,TRUE,1
4/15/2023 2:00:00 PM,4/15/2023 10:00:00 AM,1,PJM-RTO,,,ZONE,,30.66,30.671946,-0.000155,0.010435,TRUE,1
4/15/2023 3:00:00 PM,4/15/2023 11:00:00 AM,1,PJM-RTO,,,ZONE,,33.97,33.985394,0.001019,0.012709,TRUE,1
4/15/2023 4:00:00 PM,4/15/2023 12:00:00 PM,1,PJM-RTO,,,ZONE,,28.63,28.642664,0.001698,0.010966,TRUE,1
4/15/2023 5:00:00 PM,4/15/2023 1:00:00 PM,1,PJM-RTO,,,ZONE,,28.49,28.513513,0.008654,0.01236,TRUE,1
4/15/2023 6:00:00 PM,4/15/2023 2:00:00 PM,1,PJM-RTO,,,ZONE,,46.24,46.270971,0.011765,0.019206,TRUE,1
4/15/2023 7:00:00 PM,4/15/2023 3:00:00 PM,1,PJM-RTO,,,ZONE,,31.92,31.937119,0.001193,0.012593,TRUE,1
4/15/2023 8:00:00 PM,4/15/2023 4:00:00 PM,1,PJM-RTO,,,ZONE,,33.84,33.85299,-0.000366,0.012523,TRUE,1
4/15/2023 9:00:00 PM,4/15/2023 5:00:00 PM,1,PJM-RTO,,,ZONE,,30.55,30.556044,-0.004837,0.010048,TRUE,1
4/15/2023 10:00:00 PM,4/15/2023 6:00:00 PM,1,PJM-RTO,,,ZONE,,35.89,35.909329,0.005596,0.012066,TRUE,1
4/15/2023 11:00:00 PM,4/15/2023 7:00:00 PM,1,PJM-RTO,,,ZONE,,47.52,47.542403,0.004013,0.016723,TRUE,1
4/16/2023 12:00:00 AM,4/15/2023 8:00:00 PM,1,PJM-RTO,,,ZONE,,51.39,51.397979,-0.00845,0.018095,TRUE,1
4/16/2023 1:00:00 AM,4/15/2023 9:00:00 PM,1,PJM-RTO,,,ZONE,,38.21,38.236386,0.008583,0.014469,TRUE,1
4/16/2023 2:00:00 AM,4/15/2023 10:00:00 PM,1,PJM-RTO,,,ZONE,,30.04,30.066398,0.011689,0.013042,TRUE,1
4/16/2023 3:00:00 AM,4/15/2023 11:00:00 PM,1,PJM-RTO,,,ZONE,,27.58,27.605081,0.019704,0.010376,TRUE,1
4/16/2023 4:00:00 AM,4/16/2023 12:00:00 AM,1,PJM-RTO,,,ZONE,,31.66,31.719494,0.046466,0.010528,TRUE,1
4/16/2023 5:00:00 AM,4/16/2023 1:00:00 AM,1,PJM-RTO,,,ZONE,,28.59,28.622876,0.021485,0.011392,TRUE,1
4/16/2023 6:00:00 AM,4/16/2023 2:00:00 AM,1,PJM-RTO,,,ZONE,,16.64,16.698584,0.048598,0.006653,TRUE,1
4/16/2023 7:00:00 AM,4/16/2023 3:00:00 AM,1,PJM-RTO,,,ZONE,,14.33,14.364015,0.022645,0.007203,TRUE,1
4/16/2023 8:00:00 AM,4/16/2023 4:00:00 AM,1,PJM-RTO,,,ZONE,,12.68,12.727449,0.045398,0.005383,TRUE,1
4/16/2023 9:00:00 AM,4/16/2023 5:00:00 AM,1,PJM-RTO,,,ZONE,,12.04,12.103409,0.056854,0.005721,TRUE,1
4/16/2023 10:00:00 AM,4/16/2023 6:00:00 AM,1,PJM-RTO,,,ZONE,,14.18,14.222538,0.036794,0.006578,TRUE,1
4/16/2023 11:00:00 AM,4/16/2023 7:00:00 AM,1,PJM-RTO,,,ZONE,,11.92,11.946135,0.02691,0.004225,TRUE,1
4/16/2023 12:00:00 PM,4/16/2023 8:00:00 AM,1,PJM-RTO,,,ZONE,,12.59,12.632122,0.041175,0.005947,TRUE,1
4/16/2023 1:00:00 PM,4/16/2023 9:00:00 AM,1,PJM-RTO,,,ZONE,,18.38,18.440824,0.048166,0.009324,TRUE,1
4/16/2023 2:00:00 PM,4/16/2023 10:00:00 AM,1,PJM-RTO,,,ZONE,,15.85,15.87837,0.020007,0.00503,TRUE,1
4/16/2023 3:00:00 PM,4/16/2023 11:00:00 AM,1,PJM-RTO,,,ZONE,,38.27,38.425537,0.138362,0.018009,TRUE,1
4/16/2023 4:00:00 PM,4/16/2023 12:00:00 PM,1,PJM-RTO,,,ZONE,,24.6,24.65311,0.038056,0.010887,TRUE,1
4/16/2023 5:00:00 PM,4/16/2023 1:00:00 PM,1,PJM-RTO,,,ZONE,,13.7,13.739607,0.029855,0.006418,TRUE,1
4/16/2023 6:00:00 PM,4/16/2023 2:00:00 PM,1,PJM-RTO,,,ZONE,,17.14,17.178486,0.032829,0.00649,TRUE,1
4/16/2023 7:00:00 PM,4/16/2023 3:00:00 PM,1,PJM-RTO,,,ZONE,,19.29,19.335863,0.041149,0.007214,TRUE,1
4/16/2023 8:00:00 PM,4/16/2023 4:00:00 PM,1,PJM-RTO,,,ZONE,,24.47,24.543052,0.060457,0.010929,TRUE,1
4/16/2023 9:00:00 PM,4/16/2023 5:00:00 PM,1,PJM-RTO,,,ZONE,,27.48,27.490292,0.00218,0.011446,TRUE,1
4/16/2023 10:00:00 PM,4/16/2023 6:00:00 PM,1,PJM-RTO,,,ZONE,,20.46,20.462441,-0.008231,0.008171,TRUE,1
4/16/2023 11:00:00 PM,4/16/2023 7:00:00 PM,1,PJM-RTO,,,ZONE,,23.95,23.958524,0.000655,0.010368,TRUE,1
4/17/2023 12:00:00 AM,4/16/2023 8:00:00 PM,1,PJM-RTO,,,ZONE,,27.77,27.789679,0.0068,0.010379,TRUE,1
4/17/2023 1:00:00 AM,4/16/2023 9:00:00 PM,1,PJM-RTO,,,ZONE,,18.52,18.539139,0.009086,0.005887,TRUE,1
4/17/2023 2:00:00 AM,4/16/2023 10:00:00 PM,1,PJM-RTO,,,ZONE,,19.67,19.681716,0.005082,0.007467,TRUE,1
4/17/2023 3:00:00 AM,4/16/2023 11:00:00 PM,1,PJM-RTO,,,ZONE,,13.01,13.013242,0.001115,0.00296,TRUE,1
4/17/2023 4:00:00 AM,4/17/2023 12:00:00 AM,1,PJM-RTO,,,ZONE,,13.01,13.030604,0.012959,0.005145,TRUE,1
4/17/2023 5:00:00 AM,4/17/2023 1:00:00 AM,1,PJM-RTO,,,ZONE,,14.66,14.680332,0.012962,0.005703,TRUE,1
4/17/2023 6:00:00 AM,4/17/2023 2:00:00 AM,1,PJM-RTO,,,ZONE,,11.45,11.474274,0.017826,0.005614,TRUE,1
4/17/2023 7:00:00 AM,4/17/2023 3:00:00 AM,1,PJM-RTO,,,ZONE,,10.89,10.914743,0.025845,0.003898,TRUE,1
4/17/2023 8:00:00 AM,4/17/2023 4:00:00 AM,1,PJM-RTO,,,ZONE,,16.98,17.008617,0.028115,0.005501,TRUE,1
4/17/2023 9:00:00 AM,4/17/2023 5:00:00 AM,1,PJM-RTO,,,ZONE,,14.2,14.234647,0.029016,0.003965,TRUE,1
4/17/2023 10:00:00 AM,4/17/2023 6:00:00 AM,1,PJM-RTO,,,ZONE,,27.81,27.846365,0.028801,0.010897,TRUE,1
4/17/2023 11:00:00 AM,4/17/2023 7:00:00 AM,1,PJM-RTO,,,ZONE,,28.06,28.066225,-0.008671,0.011563,TRUE,1
4/17/2023 12:00:00 PM,4/17/2023 8:00:00 AM,1,PJM-RTO,,,ZONE,,36.97,36.985633,-0.001091,0.01339,TRUE,1
4/17/2023 1:00:00 PM,4/17/2023 9:00:00 AM,1,PJM-RTO,,,ZONE,,23.7,23.713916,0.000033,0.01055,TRUE,1
4/17/2023 2:00:00 PM,4/17/2023 10:00:00 AM,1,PJM-RTO,,,ZONE,,28.9,28.909139,-0.003882,0.010521,TRUE,1
4/17/2023 3:00:00 PM,4/17/2023 11:00:00 AM,1,PJM-RTO,,,ZONE,,20.7,20.707414,-0.004591,0.008671,TRUE,1
4/17/2023 4:00:00 PM,4/17/2023 12:00:00 PM,1,PJM-RTO,,,ZONE,,19.67,19.680012,-0.000237,0.008582,TRUE,1
4/17/2023 5:00:00 PM,4/17/2023 1:00:00 PM,1,PJM-RTO,,,ZONE,,18.89,18.900103,0.003346,0.008424,TRUE,1
4/17/2023 6:00:00 PM,4/17/2023 2:00:00 PM,1,PJM-RTO,,,ZONE,,19.86,19.877472,0.006805,0.009834,TRUE,1
4/17/2023 7:00:00 PM,4/17/2023 3:00:00 PM,1,PJM-RTO,,,ZONE,,29.41,29.428922,0.003878,0.01171,TRUE,1
4/17/2023 8:00:00 PM,4/17/2023 4:00:00 PM,1,PJM-RTO,,,ZONE,,23.74,23.754593,0.005975,0.007785,TRUE,1
4/17/2023 9:00:00 PM,4/17/2023 5:00:00 PM,1,PJM-RTO,,,ZONE,,27.34,27.355006,0.005492,0.009513,TRUE,1
4/17/2023 10:00:00 PM,4/17/2023 6:00:00 PM,1,PJM-RTO,,,ZONE,,28.4,28.413036,0.005227,0.010309,TRUE,1
4/17/2023 11:00:00 PM,4/17/2023 7:00:00 PM,1,PJM-RTO,,,ZONE,,39.41,39.42717,0.003798,0.014205,TRUE,1
4/18/2023 12:00:00 AM,4/17/2023 8:00:00 PM,1,PJM-RTO,,,ZONE,,61.76,61.782691,0.004987,0.018538,TRUE,1
4/18/2023 1:00:00 AM,4/17/2023 9:00:00 PM,1,PJM-RTO,,,ZONE,,33.69,33.702786,0.004217,0.010236,TRUE,1
4/18/2023 2:00:00 AM,4/17/2023 10:00:00 PM,1,PJM-RTO,,,ZONE,,37.75,37.763079,0.000096,0.011316,TRUE,1
4/18/2023 3:00:00 AM,4/17/2023 11:00:00 PM,1,PJM-RTO,,,ZONE,,27.53,27.540017,0.00021,0.008974,TRUE,1
4/18/2023 4:00:00 AM,4/18/2023 12:00:00 AM,1,PJM-RTO,,,ZONE,,27.4,27.418795,0.006495,0.008133,TRUE,1
4/18/2023 5:00:00 AM,4/18/2023 1:00:00 AM,1,PJM-RTO,,,ZONE,,35.6,35.653806,0.037748,0.012725,TRUE,1
4/18/2023 6:00:00 AM,4/18/2023 2:00:00 AM,1,PJM-RTO,,,ZONE,,23.85,23.867898,0.005349,0.008382,TRUE,1
4/18/2023 7:00:00 AM,4/18/2023 3:00:00 AM,1,PJM-RTO,,,ZONE,,23.44,23.453406,0.000536,0.008703,TRUE,1
4/18/2023 8:00:00 AM,4/18/2023 4:00:00 AM,1,PJM-RTO,,,ZONE,,29.43,29.465551,0.024767,0.010783,TRUE,1
4/18/2023 9:00:00 AM,4/18/2023 5:00:00 AM,1,PJM-RTO,,,ZONE,,25.08,25.092631,0.000368,0.009763,TRUE,1
4/18/2023 10:00:00 AM,4/18/2023 6:00:00 AM,1,PJM-RTO,,,ZONE,,31.96,31.984853,0.013146,0.012541,TRUE,1
4/18/2023 11:00:00 AM,4/18/2023 7:00:00 AM,1,PJM-RTO,,,ZONE,,35.14,35.185959,0.029942,0.014351,TRUE,1
4/18/2023 12:00:00 PM,4/18/2023 8:00:00 AM,1,PJM-RTO,,,ZONE,,32.21,32.233101,0.013136,0.013297,TRUE,1
4/18/2023 1:00:00 PM,4/18/2023 9:00:00 AM,1,PJM-RTO,,,ZONE,,29.47,29.48627,0.001175,0.012595,TRUE,1
4/18/2023 2:00:00 PM,4/18/2023 10:00:00 AM,1,PJM-RTO,,,ZONE,,31.55,31.679979,0.113163,0.01515,TRUE,1
4/18/2023 3:00:00 PM,4/18/2023 11:00:00 AM,1,PJM-RTO,,,ZONE,,27.69,27.783254,0.075999,0.013089,TRUE,1
4/18/2023 4:00:00 PM,4/18/2023 12:00:00 PM,1,PJM-RTO,,,ZONE,,28.09,28.100014,0,0.01168,TRUE,1
4/18/2023 5:00:00 PM,4/18/2023 1:00:00 PM,1,PJM-RTO,,,ZONE,,24.56,24.572739,0.000249,0.011657,TRUE,1
4/18/2023 6:00:00 PM,4/18/2023 2:00:00 PM,1,PJM-RTO,,,ZONE,,34.11,34.290913,0.164171,0.015075,TRUE,1
4/18/2023 7:00:00 PM,4/18/2023 3:00:00 PM,1,PJM-RTO,,,ZONE,,25.3,25.34453,0.037523,0.01034,TRUE,1
4/18/2023 8:00:00 PM,4/18/2023 4:00:00 PM,1,PJM-RTO,,,ZONE,,25.78,25.795438,0.007948,0.009157,TRUE,1
4/18/2023 9:00:00 PM,4/18/2023 5:00:00 PM,1,PJM-RTO,,,ZONE,,23.77,23.777749,-0.000169,0.007917,TRUE,1
4/18/2023 10:00:00 PM,4/18/2023 6:00:00 PM,1,PJM-RTO,,,ZONE,,28.55,28.559487,0.001225,0.009095,TRUE,1
4/18/2023 11:00:00 PM,4/18/2023 7:00:00 PM,1,PJM-RTO,,,ZONE,,54.19,54.221697,0.011729,0.020801,TRUE,1
4/19/2023 12:00:00 AM,4/18/2023 8:00:00 PM,1,PJM-RTO,,,ZONE,,92.23,92.27988,0.010262,0.036284,TRUE,1
4/19/2023 1:00:00 AM,4/18/2023 9:00:00 PM,1,PJM-RTO,,,ZONE,,41.79,41.824606,0.015398,0.016707,TRUE,1
4/19/2023 2:00:00 AM,4/18/2023 10:00:00 PM,1,PJM-RTO,,,ZONE,,39.52,39.532984,0.001289,0.015028,TRUE,1
4/19/2023 3:00:00 AM,4/18/2023 11:00:00 PM,1,PJM-RTO,,,ZONE,,27.65,27.686017,0.023293,0.012725,TRUE,1
4/19/2023 4:00:00 AM,4/19/2023 12:00:00 AM,1,PJM-RTO,,,ZONE,,21.98,22.020854,0.03556,0.008628,TRUE,1
4/19/2023 5:00:00 AM,4/19/2023 1:00:00 AM,1,PJM-RTO,,,ZONE,,20.66,20.762182,0.091993,0.008523,TRUE,1
4/19/2023 6:00:00 AM,4/19/2023 2:00:00 AM,1,PJM-RTO,,,ZONE,,19.53,19.607285,0.065231,0.007887,TRUE,1
4/19/2023 7:00:00 AM,4/19/2023 3:00:00 AM,1,PJM-RTO,,,ZONE,,16.14,16.250376,0.102125,0.007418,TRUE,1
4/19/2023 8:00:00 AM,4/19/2023 4:00:00 AM,1,PJM-RTO,,,ZONE,,19.72,19.832704,0.102822,0.008216,TRUE,1
4/19/2023 9:00:00 AM,4/19/2023 5:00:00 AM,1,PJM-RTO,,,ZONE,,25.08,25.180438,0.085645,0.01146,TRUE,1
4/19/2023 10:00:00 AM,4/19/2023 6:00:00 AM,1,PJM-RTO,,,ZONE,,59.46,59.589273,0.098397,0.027543,TRUE,1
4/19/2023 11:00:00 AM,4/19/2023 7:00:00 AM,1,PJM-RTO,,,ZONE,,22.42,22.44434,0.013394,0.010113,TRUE,1
4/19/2023 12:00:00 PM,4/19/2023 8:00:00 AM,1,PJM-RTO,,,ZONE,,18.34,18.353652,0.008881,0.008104,TRUE,1
4/19/2023 1:00:00 PM,4/19/2023 9:00:00 AM,1,PJM-RTO,,,ZONE,,19.22,19.237004,0.008738,0.009933,TRUE,1
4/19/2023 2:00:00 PM,4/19/2023 10:00:00 AM,1,PJM-RTO,,,ZONE,,30.67,30.687573,0.003891,0.012849,TRUE,1
4/19/2023 3:00:00 PM,4/19/2023 11:00:00 AM,1,PJM-RTO,,,ZONE,,33.39,33.402196,-0.000025,0.014722,TRUE,1
4/19/2023 4:00:00 PM,4/19/2023 12:00:00 PM,1,PJM-RTO,,,ZONE,,24.76,24.796638,0.02671,0.010761,TRUE,1
4/19/2023 5:00:00 PM,4/19/2023 1:00:00 PM,1,PJM-RTO,,,ZONE,,28.7,28.725806,0.013842,0.011965,TRUE,1
4/19/2023 6:00:00 PM,4/19/2023 2:00:00 PM,1,PJM-RTO,,,ZONE,,26.47,26.486819,0.009007,0.011145,TRUE,1
4/19/2023 7:00:00 PM,4/19/2023 3:00:00 PM,1,PJM-RTO,,,ZONE,,28.12,28.139284,0.005606,0.012011,TRUE,1
4/19/2023 8:00:00 PM,4/19/2023 4:00:00 PM,1,PJM-RTO,,,ZONE,,29.28,29.395482,0.102722,0.011926,TRUE,1
4/19/2023 9:00:00 PM,4/19/2023 5:00:00 PM,1,PJM-RTO,,,ZONE,,28.48,28.529287,0.035285,0.010669,TRUE,1
4/19/2023 10:00:00 PM,4/19/2023 6:00:00 PM,1,PJM-RTO,,,ZONE,,30.28,30.328031,0.034262,0.012102,TRUE,1
4/19/2023 11:00:00 PM,4/19/2023 7:00:00 PM,1,PJM-RTO,,,ZONE,,32.09,32.117545,0.015461,0.01375,TRUE,1
4/20/2023 12:00:00 AM,4/19/2023 8:00:00 PM,1,PJM-RTO,,,ZONE,,40.55,40.579941,0.009534,0.017906,TRUE,1
4/20/2023 1:00:00 AM,4/19/2023 9:00:00 PM,1,PJM-RTO,,,ZONE,,38.71,38.758278,0.031673,0.017439,TRUE,1
4/20/2023 2:00:00 AM,4/19/2023 10:00:00 PM,1,PJM-RTO,,,ZONE,,39.47,39.507337,0.015941,0.017229,TRUE,1
4/20/2023 3:00:00 AM,4/19/2023 11:00:00 PM,1,PJM-RTO,,,ZONE,,32.94,32.987337,0.031883,0.013788,TRUE,1
4/20/2023 4:00:00 AM,4/20/2023 12:00:00 AM,1,PJM-RTO,,,ZONE,,19.52,19.592411,0.059854,0.009224,TRUE,1
4/20/2023 5:00:00 AM,4/20/2023 1:00:00 AM,1,PJM-RTO,,,ZONE,,19.75,19.806737,0.051428,0.009476,TRUE,1
4/20/2023 6:00:00 AM,4/20/2023 2:00:00 AM,1,PJM-RTO,,,ZONE,,22.62,22.66854,0.039237,0.009303,TRUE,1
4/20/2023 7:00:00 AM,4/20/2023 3:00:00 AM,1,PJM-RTO,,,ZONE,,15.93,16.001907,0.066857,0.006717,TRUE,1
4/20/2023 8:00:00 AM,4/20/2023 4:00:00 AM,1,PJM-RTO,,,ZONE,,24.53,24.612252,0.073707,0.010211,TRUE,1
4/20/2023 9:00:00 AM,4/20/2023 5:00:00 AM,1,PJM-RTO,,,ZONE,,27.89,27.953034,0.055101,0.0121,TRUE,1
4/20/2023 10:00:00 AM,4/20/2023 6:00:00 AM,1,PJM-RTO,,,ZONE,,33.68,33.711491,0.015235,0.012922,TRUE,1
4/20/2023 11:00:00 AM,4/20/2023 7:00:00 AM,1,PJM-RTO,,,ZONE,,32.19,32.205867,0,0.013367,TRUE,1
4/20/2023 12:00:00 PM,4/20/2023 8:00:00 AM,1,PJM-RTO,,,ZONE,,23.61,23.61971,0.001251,0.009293,TRUE,1
4/20/2023 1:00:00 PM,4/20/2023 9:00:00 AM,1,PJM-RTO,,,ZONE,,19.08,19.087915,0.001904,0.00851,TRUE,1
4/20/2023 2:00:00 PM,4/20/2023 10:00:00 AM,1,PJM-RTO,,,ZONE,,20.18,20.198263,0.01242,0.00751,TRUE,1
4/20/2023 3:00:00 PM,4/20/2023 11:00:00 AM,1,PJM-RTO,,,ZONE,,19.71,19.741396,0.02113,0.007766,TRUE,1
4/20/2023 4:00:00 PM,4/20/2023 12:00:00 PM,1,PJM-RTO,,,ZONE,,35.35,35.473118,0.108382,0.015569,TRUE,1
4/20/2023 5:00:00 PM,4/20/2023 1:00:00 PM,1,PJM-RTO,,,ZONE,,33.35,33.587294,0.227082,0.015213,TRUE,1
4/20/2023 6:00:00 PM,4/20/2023 2:00:00 PM,1,PJM-RTO,,,ZONE,,31.74,31.977373,0.222226,0.014313,TRUE,1
4/20/2023 7:00:00 PM,4/20/2023 3:00:00 PM,1,PJM-RTO,,,ZONE,,61.35,61.750989,0.372392,0.027764,TRUE,1
4/20/2023 8:00:00 PM,4/20/2023 4:00:00 PM,1,PJM-RTO,,,ZONE,,78.84,79.436837,0.567825,0.032345,TRUE,1
4/20/2023 9:00:00 PM,4/20/2023 5:00:00 PM,1,PJM-RTO,,,ZONE,,78.07,78.65768,0.546835,0.038345,TRUE,1
4/20/2023 10:00:00 PM,4/20/2023 6:00:00 PM,1,PJM-RTO,,,ZONE,,82.62,83.230842,0.571388,0.03612,TRUE,1
4/20/2023 11:00:00 PM,4/20/2023 7:00:00 PM,1,PJM-RTO,,,ZONE,,83.12,83.638307,0.482959,0.036181,TRUE,1
4/21/2023 12:00:00 AM,4/20/2023 8:00:00 PM,1,PJM-RTO,,,ZONE,,75.5,75.862122,0.336008,0.030281,TRUE,1
4/21/2023 1:00:00 AM,4/20/2023 9:00:00 PM,1,PJM-RTO,,,ZONE,,38.44,38.714612,0.264217,0.013728,TRUE,1
4/21/2023 2:00:00 AM,4/20/2023 10:00:00 PM,1,PJM-RTO,,,ZONE,,19.71,19.741885,0.028541,0.007511,TRUE,1
4/21/2023 3:00:00 AM,4/20/2023 11:00:00 PM,1,PJM-RTO,,,ZONE,,17.18,17.21783,0.030801,0.007862,TRUE,1
4/21/2023 4:00:00 AM,4/21/2023 12:00:00 AM,1,PJM-RTO,,,ZONE,,16.74,16.767251,0.023114,0.005804,TRUE,1
4/21/2023 5:00:00 AM,4/21/2023 1:00:00 AM,1,PJM-RTO,,,ZONE,,20.22,20.247112,0.021232,0.009214,TRUE,1
4/21/2023 6:00:00 AM,4/21/2023 2:00:00 AM,1,PJM-RTO,,,ZONE,,15.77,15.783751,0.009723,0.007362,TRUE,1
4/21/2023 7:00:00 AM,4/21/2023 3:00:00 AM,1,PJM-RTO,,,ZONE,,16.54,16.553609,0.004875,0.004567,TRUE,1
4/21/2023 8:00:00 AM,4/21/2023 4:00:00 AM,1,PJM-RTO,,,ZONE,,20.28,20.312434,0.020344,0.009589,TRUE,1
4/21/2023 9:00:00 AM,4/21/2023 5:00:00 AM,1,PJM-RTO,,,ZONE,,27.59,27.61991,0.022465,0.012445,TRUE,1
4/21/2023 10:00:00 AM,4/21/2023 6:00:00 AM,1,PJM-RTO,,,ZONE,,26.44,26.455159,0.002775,0.009884,TRUE,1
4/21/2023 11:00:00 AM,4/21/2023 7:00:00 AM,1,PJM-RTO,,,ZONE,,29.63,29.64548,0.004432,0.010214,TRUE,1
4/21/2023 12:00:00 PM,4/21/2023 8:00:00 AM,1,PJM-RTO,,,ZONE,,33.11,33.188733,0.064165,0.014568,TRUE,1
4/21/2023 1:00:00 PM,4/21/2023 9:00:00 AM,1,PJM-RTO,,,ZONE,,41.73,41.908681,0.16023,0.017618,TRUE,1
4/21/2023 2:00:00 PM,4/21/2023 10:00:00 AM,1,PJM-RTO,,,ZONE,,30.04,30.16859,0.114222,0.011035,TRUE,1
4/21/2023 3:00:00 PM,4/21/2023 11:00:00 AM,1,PJM-RTO,,,ZONE,,42.73,42.880849,0.137186,0.01783,TRUE,1
4/21/2023 4:00:00 PM,4/21/2023 12:00:00 PM,1,PJM-RTO,,,ZONE,,66.02,66.42803,0.376995,0.029369,TRUE,1
4/21/2023 5:00:00 PM,4/21/2023 1:00:00 PM,1,PJM-RTO,,,ZONE,,74.59,75.138209,0.520891,0.032319,TRUE,1
4/21/2023 6:00:00 PM,4/21/2023 2:00:00 PM,1,PJM-RTO,,,ZONE,,94.3,95.024989,0.687857,0.0388,TRUE,1
4/21/2023 7:00:00 PM,4/21/2023 3:00:00 PM,1,PJM-RTO,,,ZONE,,87.97,88.617676,0.603142,0.040367,TRUE,1
4/21/2023 8:00:00 PM,4/21/2023 4:00:00 PM,1,PJM-RTO,,,ZONE,,82.35,82.948678,0.563603,0.037575,TRUE,1
4/21/2023 9:00:00 PM,4/21/2023 5:00:00 PM,1,PJM-RTO,,,ZONE,,80.76,81.358858,0.557345,0.037347,TRUE,1
4/21/2023 10:00:00 PM,4/21/2023 6:00:00 PM,1,PJM-RTO,,,ZONE,,68.07,68.423676,0.31658,0.032929,TRUE,1
4/21/2023 11:00:00 PM,4/21/2023 7:00:00 PM,1,PJM-RTO,,,ZONE,,27.01,27.07723,0.053812,0.010918,TRUE,1
4/22/2023 12:00:00 AM,4/21/2023 8:00:00 PM,1,PJM-RTO,,,ZONE,,32.92,32.956447,0.022432,0.013182,TRUE,1
4/22/2023 1:00:00 AM,4/21/2023 9:00:00 PM,1,PJM-RTO,,,ZONE,,24.68,24.699731,0.014732,0.009166,TRUE,1
4/22/2023 2:00:00 AM,4/21/2023 10:00:00 PM,1,PJM-RTO,,,ZONE,,23.04,23.063808,0.016084,0.006891,TRUE,1
4/22/2023 3:00:00 AM,4/21/2023 11:00:00 PM,1,PJM-RTO,,,ZONE,,25.67,25.689061,0.007861,0.009534,TRUE,1
4/22/2023 4:00:00 AM,4/22/2023 12:00:00 AM,1,PJM-RTO,,,ZONE,,21.5,21.504866,0.002652,0.007214,TRUE,1
4/22/2023 5:00:00 AM,4/22/2023 1:00:00 AM,1,PJM-RTO,,,ZONE,,28.55,28.575161,0.017105,0.009722,TRUE,1
4/22/2023 6:00:00 AM,4/22/2023 2:00:00 AM,1,PJM-RTO,,,ZONE,,23.95,23.975032,0.013201,0.010164,TRUE,1
4/22/2023 7:00:00 AM,4/22/2023 3:00:00 AM,1,PJM-RTO,,,ZONE,,72.28,72.468142,0.15896,0.025015,TRUE,1
4/22/2023 8:00:00 AM,4/22/2023 4:00:00 AM,1,PJM-RTO,,,ZONE,,23.1,23.128365,0.016399,0.007799,TRUE,1
4/22/2023 9:00:00 AM,4/22/2023 5:00:00 AM,1,PJM-RTO,,,ZONE,,40.5,40.57152,0.060176,0.01301,TRUE,1
4/22/2023 10:00:00 AM,4/22/2023 6:00:00 AM,1,PJM-RTO,,,ZONE,,17.91,17.914426,0.000293,0.0058,TRUE,1
4/22/2023 11:00:00 AM,4/22/2023 7:00:00 AM,1,PJM-RTO,,,ZONE,,19.09,19.101776,0.00078,0.006829,TRUE,1
4/22/2023 12:00:00 PM,4/22/2023 8:00:00 AM,1,PJM-RTO,,,ZONE,,24,24.009582,0.00071,0.008871,TRUE,1
4/22/2023 1:00:00 PM,4/22/2023 9:00:00 AM,1,PJM-RTO,,,ZONE,,20.34,20.346133,0.002642,0.006825,TRUE,1
4/22/2023 2:00:00 PM,4/22/2023 10:00:00 AM,1,PJM-RTO,,,ZONE,,34.81,34.871117,0.051232,0.012385,TRUE,1
4/22/2023 3:00:00 PM,4/22/2023 11:00:00 AM,1,PJM-RTO,,,ZONE,,20.27,20.287292,0.008683,0.007775,TRUE,1
4/22/2023 4:00:00 PM,4/22/2023 12:00:00 PM,1,PJM-RTO,,,ZONE,,27.97,28.020684,0.034972,0.012379,TRUE,1
4/22/2023 5:00:00 PM,4/22/2023 1:00:00 PM,1,PJM-RTO,,,ZONE,,22.16,22.180953,0.013615,0.009004,TRUE,1
4/22/2023 6:00:00 PM,4/22/2023 2:00:00 PM,1,PJM-RTO,,,ZONE,,28.71,28.787363,0.068291,0.010739,TRUE,1
4/22/2023 7:00:00 PM,4/22/2023 3:00:00 PM,1,PJM-RTO,,,ZONE,,41.61,41.76605,0.137143,0.01724,TRUE,1
4/22/2023 8:00:00 PM,4/22/2023 4:00:00 PM,1,PJM-RTO,,,ZONE,,17.45,17.484436,0.027834,0.007435,TRUE,1
4/22/2023 9:00:00 PM,4/22/2023 5:00:00 PM,1,PJM-RTO,,,ZONE,,28.59,28.606797,0.012158,0.009639,TRUE,1
4/22/2023 10:00:00 PM,4/22/2023 6:00:00 PM,1,PJM-RTO,,,ZONE,,26.44,26.47781,0.026033,0.009276,TRUE,1
4/22/2023 11:00:00 PM,4/22/2023 7:00:00 PM,1,PJM-RTO,,,ZONE,,24.73,24.742246,0.0084,0.008013,TRUE,1
4/23/2023 12:00:00 AM,4/22/2023 8:00:00 PM,1,PJM-RTO,,,ZONE,,31.11,31.115333,0.001559,0.008773,TRUE,1
4/23/2023 1:00:00 AM,4/22/2023 9:00:00 PM,1,PJM-RTO,,,ZONE,,35.21,35.217381,0,0.009048,TRUE,1
4/23/2023 2:00:00 AM,4/22/2023 10:00:00 PM,1,PJM-RTO,,,ZONE,,28.87,28.878041,0,0.008041,TRUE,1
4/23/2023 3:00:00 AM,4/22/2023 11:00:00 PM,1,PJM-RTO,,,ZONE,,22.58,22.582905,0,0.006239,TRUE,1
4/23/2023 4:00:00 AM,4/23/2023 12:00:00 AM,1,PJM-RTO,,,ZONE,,19.22,19.227792,0,0.004458,TRUE,1
4/23/2023 5:00:00 AM,4/23/2023 1:00:00 AM,1,PJM-RTO,,,ZONE,,19.62,19.628685,0,0.005352,TRUE,1
4/23/2023 6:00:00 AM,4/23/2023 2:00:00 AM,1,PJM-RTO,,,ZONE,,19.16,19.16851,0,0.005177,TRUE,1
4/23/2023 7:00:00 AM,4/23/2023 3:00:00 AM,1,PJM-RTO,,,ZONE,,21.27,21.26994,0,0.004106,TRUE,1
4/23/2023 8:00:00 AM,4/23/2023 4:00:00 AM,1,PJM-RTO,,,ZONE,,20.14,20.14661,0,0.005777,TRUE,1
4/23/2023 9:00:00 AM,4/23/2023 5:00:00 AM,1,PJM-RTO,,,ZONE,,25.28,25.284088,0.000495,0.00776,TRUE,1
4/23/2023 10:00:00 AM,4/23/2023 6:00:00 AM,1,PJM-RTO,,,ZONE,,18.81,18.815955,0,0.005122,TRUE,1
4/23/2023 11:00:00 AM,4/23/2023 7:00:00 AM,1,PJM-RTO,,,ZONE,,22.12,22.128199,0,0.005699,TRUE,1
4/23/2023 12:00:00 PM,4/23/2023 8:00:00 AM,1,PJM-RTO,,,ZONE,,22.12,22.126928,0,0.005261,TRUE,1
4/23/2023 1:00:00 PM,4/23/2023 9:00:00 AM,1,PJM-RTO,,,ZONE,,24.28,24.282848,0,0.005348,TRUE,1
4/23/2023 2:00:00 PM,4/23/2023 10:00:00 AM,1,PJM-RTO,,,ZONE,,29.39,29.397442,0,0.009108,TRUE,1
4/23/2023 3:00:00 PM,4/23/2023 11:00:00 AM,1,PJM-RTO,,,ZONE,,21.47,21.480655,-0.000051,0.00654,TRUE,1
4/23/2023 4:00:00 PM,4/23/2023 12:00:00 PM,1,PJM-RTO,,,ZONE,,31.02,31.032814,0.001838,0.010976,TRUE,1
4/23/2023 5:00:00 PM,4/23/2023 1:00:00 PM,1,PJM-RTO,,,ZONE,,21.06,21.067671,0.006451,0.006219,TRUE,1
4/23/2023 6:00:00 PM,4/23/2023 2:00:00 PM,1,PJM-RTO,,,ZONE,,24.81,24.821315,0.006686,0.00713,TRUE,1
4/23/2023 7:00:00 PM,4/23/2023 3:00:00 PM,1,PJM-RTO,,,ZONE,,22.98,22.989889,0.001195,0.007861,TRUE,1
4/23/2023 8:00:00 PM,4/23/2023 4:00:00 PM,1,PJM-RTO,,,ZONE,,25.31,25.314184,0.00134,0.007844,TRUE,1
4/23/2023 9:00:00 PM,4/23/2023 5:00:00 PM,1,PJM-RTO,,,ZONE,,36.38,36.386872,0.000477,0.009728,TRUE,1
4/23/2023 10:00:00 PM,4/23/2023 6:00:00 PM,1,PJM-RTO,,,ZONE,,33.01,33.023801,0.002763,0.009371,TRUE,1
4/23/2023 11:00:00 PM,4/23/2023 7:00:00 PM,1,PJM-RTO,,,ZONE,,32.69,32.703497,0.007008,0.007323,TRUE,1
4/24/2023 12:00:00 AM,4/23/2023 8:00:00 PM,1,PJM-RTO,,,ZONE,,56.34,56.356358,0.002941,0.012584,TRUE,1
4/24/2023 1:00:00 AM,4/23/2023 9:00:00 PM,1,PJM-RTO,,,ZONE,,49.67,49.738283,0.055945,0.011504,TRUE,1
4/24/2023 2:00:00 AM,4/23/2023 10:00:00 PM,1,PJM-RTO,,,ZONE,,41.88,41.925723,0.033782,0.011108,TRUE,1
4/24/2023 3:00:00 AM,4/23/2023 11:00:00 PM,1,PJM-RTO,,,ZONE,,32.22,32.232909,0.000716,0.009693,TRUE,1
4/24/2023 4:00:00 AM,4/24/2023 12:00:00 AM,1,PJM-RTO,,,ZONE,,71.41,71.569515,0.141914,0.022602,TRUE,1
4/24/2023 5:00:00 AM,4/24/2023 1:00:00 AM,1,PJM-RTO,,,ZONE,,90.23,90.456556,0.205843,0.024046,TRUE,1
4/24/2023 6:00:00 AM,4/24/2023 2:00:00 AM,1,PJM-RTO,,,ZONE,,21.12,21.129711,0.002661,0.006217,TRUE,1
4/24/2023 7:00:00 AM,4/24/2023 3:00:00 AM,1,PJM-RTO,,,ZONE,,23,23.026808,0.014411,0.008231,TRUE,1
4/24/2023 8:00:00 AM,4/24/2023 4:00:00 AM,1,PJM-RTO,,,ZONE,,22.33,22.347298,0.006806,0.007158,TRUE,1
4/24/2023 9:00:00 AM,4/24/2023 5:00:00 AM,1,PJM-RTO,,,ZONE,,23.83,23.842498,0.002395,0.007603,TRUE,1
4/24/2023 10:00:00 AM,4/24/2023 6:00:00 AM,1,PJM-RTO,,,ZONE,,37.11,37.13082,0.008755,0.012065,TRUE,1
4/24/2023 11:00:00 AM,4/24/2023 7:00:00 AM,1,PJM-RTO,,,ZONE,,60.02,60.052175,0.015146,0.019529,TRUE,1
4/24/2023 12:00:00 PM,4/24/2023 8:00:00 AM,1,PJM-RTO,,,ZONE,,39.72,39.735005,0.002174,0.016164,TRUE,1
4/24/2023 1:00:00 PM,4/24/2023 9:00:00 AM,1,PJM-RTO,,,ZONE,,31.43,31.455077,0.011753,0.010824,TRUE,1
4/24/2023 2:00:00 PM,4/24/2023 10:00:00 AM,1,PJM-RTO,,,ZONE,,35.87,35.932926,0.050273,0.012653,TRUE,1
4/24/2023 3:00:00 PM,4/24/2023 11:00:00 AM,1,PJM-RTO,,,ZONE,,35.7,35.773735,0.059053,0.013015,TRUE,1
4/24/2023 4:00:00 PM,4/24/2023 12:00:00 PM,1,PJM-RTO,,,ZONE,,23.64,23.662574,0.012368,0.010206,TRUE,1
4/24/2023 5:00:00 PM,4/24/2023 1:00:00 PM,1,PJM-RTO,,,ZONE,,27.84,27.870758,0.014763,0.011829,TRUE,1
4/24/2023 6:00:00 PM,4/24/2023 2:00:00 PM,1,PJM-RTO,,,ZONE,,31.84,31.887295,0.033957,0.011672,TRUE,1
4/24/2023 7:00:00 PM,4/24/2023 3:00:00 PM,1,PJM-RTO,,,ZONE,,31.45,31.506039,0.045907,0.010966,TRUE,1
4/24/2023 8:00:00 PM,4/24/2023 4:00:00 PM,1,PJM-RTO,,,ZONE,,26.39,26.403392,0.002136,0.00959,TRUE,1
4/24/2023 9:00:00 PM,4/24/2023 5:00:00 PM,1,PJM-RTO,,,ZONE,,25.22,25.239448,0.015098,0.00935,TRUE,1
4/24/2023 10:00:00 PM,4/24/2023 6:00:00 PM,1,PJM-RTO,,,ZONE,,27.6,27.6326,0.024992,0.010108,TRUE,1
4/24/2023 11:00:00 PM,4/24/2023 7:00:00 PM,1,PJM-RTO,,,ZONE,,31.59,31.643417,0.037476,0.012607,TRUE,1
4/25/2023 12:00:00 AM,4/24/2023 8:00:00 PM,1,PJM-RTO,,,ZONE,,45.31,45.378605,0.058223,0.015382,TRUE,1
4/25/2023 1:00:00 AM,4/24/2023 9:00:00 PM,1,PJM-RTO,,,ZONE,,36.76,36.8231,0.052084,0.015182,TRUE,1
4/25/2023 2:00:00 AM,4/24/2023 10:00:00 PM,1,PJM-RTO,,,ZONE,,59.03,59.208842,0.151744,0.024599,TRUE,1
4/25/2023 3:00:00 AM,4/24/2023 11:00:00 PM,1,PJM-RTO,,,ZONE,,29.43,29.476939,0.035792,0.014481,TRUE,1
4/25/2023 4:00:00 AM,4/25/2023 12:00:00 AM,1,PJM-RTO,,,ZONE,,23.74,23.768055,0.019027,0.012361,TRUE,1
4/25/2023 5:00:00 AM,4/25/2023 1:00:00 AM,1,PJM-RTO,,,ZONE,,21.24,21.267599,0.020179,0.010753,TRUE,1
4/25/2023 6:00:00 AM,4/25/2023 2:00:00 AM,1,PJM-RTO,,,ZONE,,35.15,35.254104,0.08296,0.016978,TRUE,1
4/25/2023 7:00:00 AM,4/25/2023 3:00:00 AM,1,PJM-RTO,,,ZONE,,26,26.051331,0.034286,0.013712,TRUE,1
4/25/2023 8:00:00 AM,4/25/2023 4:00:00 AM,1,PJM-RTO,,,ZONE,,25.54,25.586656,0.032968,0.012021,TRUE,1
4/25/2023 9:00:00 AM,4/25/2023 5:00:00 AM,1,PJM-RTO,,,ZONE,,29.26,29.305369,0.028754,0.012449,TRUE,1
4/25/2023 10:00:00 AM,4/25/2023 6:00:00 AM,1,PJM-RTO,,,ZONE,,60.11,60.233068,0.100573,0.026661,TRUE,1
4/25/2023 11:00:00 AM,4/25/2023 7:00:00 AM,1,PJM-RTO,,,ZONE,,35.33,35.370732,0.030119,0.015613,TRUE,1
4/25/2023 12:00:00 PM,4/25/2023 8:00:00 AM,1,PJM-RTO,,,ZONE,,26.48,26.514985,0.024916,0.011736,TRUE,1
4/25/2023 1:00:00 PM,4/25/2023 9:00:00 AM,1,PJM-RTO,,,ZONE,,25.67,25.702417,0.021125,0.012126,TRUE,1
4/25/2023 2:00:00 PM,4/25/2023 10:00:00 AM,1,PJM-RTO,,,ZONE,,27.59,27.625709,0.023655,0.01122,TRUE,1
4/25/2023 3:00:00 PM,4/25/2023 11:00:00 AM,1,PJM-RTO,,,ZONE,,25.63,25.650791,0.011279,0.010346,TRUE,1
4/25/2023 4:00:00 PM,4/25/2023 12:00:00 PM,1,PJM-RTO,,,ZONE,,28.43,28.472434,0.029145,0.012456,TRUE,1
4/25/2023 5:00:00 PM,4/25/2023 1:00:00 PM,1,PJM-RTO,,,ZONE,,24.07,24.099087,0.015026,0.010728,TRUE,1
4/25/2023 6:00:00 PM,4/25/2023 2:00:00 PM,1,PJM-RTO,,,ZONE,,26.29,26.327301,0.021731,0.012237,TRUE,1
4/25/2023 7:00:00 PM,4/25/2023 3:00:00 PM,1,PJM-RTO,,,ZONE,,31.74,31.794387,0.042584,0.014303,TRUE,1
4/25/2023 8:00:00 PM,4/25/2023 4:00:00 PM,1,PJM-RTO,,,ZONE,,26.41,26.440313,0.025173,0.009307,TRUE,1
4/25/2023 9:00:00 PM,4/25/2023 5:00:00 PM,1,PJM-RTO,,,ZONE,,25.42,25.442309,0.01774,0.008736,TRUE,1
4/25/2023 10:00:00 PM,4/25/2023 6:00:00 PM,1,PJM-RTO,,,ZONE,,20.85,20.869582,0.015219,0.008529,TRUE,1
4/25/2023 11:00:00 PM,4/25/2023 7:00:00 PM,1,PJM-RTO,,,ZONE,,21,21.024549,0.011893,0.00849,TRUE,1
4/26/2023 12:00:00 AM,4/25/2023 8:00:00 PM,1,PJM-RTO,,,ZONE,,27.65,27.715289,0.052589,0.011034,TRUE,1
4/26/2023 1:00:00 AM,4/25/2023 9:00:00 PM,1,PJM-RTO,,,ZONE,,42.73,42.841608,0.097774,0.017167,TRUE,1
4/26/2023 2:00:00 AM,4/25/2023 10:00:00 PM,1,PJM-RTO,,,ZONE,,29.66,29.729482,0.0511,0.01505,TRUE,1
4/26/2023 3:00:00 AM,4/25/2023 11:00:00 PM,1,PJM-RTO,,,ZONE,,30.03,30.090368,0.053624,0.011744,TRUE,1
4/26/2023 4:00:00 AM,4/26/2023 12:00:00 AM,1,PJM-RTO,,,ZONE,,24.15,24.187557,0.025726,0.010164,TRUE,1
4/26/2023 5:00:00 AM,4/26/2023 1:00:00 AM,1,PJM-RTO,,,ZONE,,24.2,24.241033,0.034103,0.011097,TRUE,1
4/26/2023 6:00:00 AM,4/26/2023 2:00:00 AM,1,PJM-RTO,,,ZONE,,22.85,22.892482,0.031821,0.009827,TRUE,1
4/26/2023 7:00:00 AM,4/26/2023 3:00:00 AM,1,PJM-RTO,,,ZONE,,24.67,24.713608,0.035719,0.011223,TRUE,1
4/26/2023 8:00:00 AM,4/26/2023 4:00:00 AM,1,PJM-RTO,,,ZONE,,27.79,27.847569,0.041388,0.013681,TRUE,1
4/26/2023 9:00:00 AM,4/26/2023 5:00:00 AM,1,PJM-RTO,,,ZONE,,24.2,24.268003,0.05465,0.011687,TRUE,1
4/26/2023 10:00:00 AM,4/26/2023 6:00:00 AM,1,PJM-RTO,,,ZONE,,41.02,41.109383,0.072237,0.018813,TRUE,1
4/26/2023 11:00:00 AM,4/26/2023 7:00:00 AM,1,PJM-RTO,,,ZONE,,38.39,38.41339,0.010239,0.015651,TRUE,1
4/26/2023 12:00:00 PM,4/26/2023 8:00:00 AM,1,PJM-RTO,,,ZONE,,41.56,41.677841,0.100987,0.017687,TRUE,1
4/26/2023 1:00:00 PM,4/26/2023 9:00:00 AM,1,PJM-RTO,,,ZONE,,36.49,36.58666,0.079868,0.017625,TRUE,1
4/26/2023 2:00:00 PM,4/26/2023 10:00:00 AM,1,PJM-RTO,,,ZONE,,32.89,32.954668,0.050081,0.013753,TRUE,1
4/26/2023 3:00:00 PM,4/26/2023 11:00:00 AM,1,PJM-RTO,,,ZONE,,36.77,36.842805,0.056064,0.016741,TRUE,1
4/26/2023 4:00:00 PM,4/26/2023 12:00:00 PM,1,PJM-RTO,,,ZONE,,33.62,33.703547,0.068181,0.014534,TRUE,1
4/26/2023 5:00:00 PM,4/26/2023 1:00:00 PM,1,PJM-RTO,,,ZONE,,51.52,51.638525,0.096796,0.020063,TRUE,1
4/26/2023 6:00:00 PM,4/26/2023 2:00:00 PM,1,PJM-RTO,,,ZONE,,33.82,33.891162,0.059261,0.011901,TRUE,1
4/26/2023 7:00:00 PM,4/26/2023 3:00:00 PM,1,PJM-RTO,,,ZONE,,27.78,27.84521,0.053774,0.011436,TRUE,1
4/26/2023 8:00:00 PM,4/26/2023 4:00:00 PM,1,PJM-RTO,,,ZONE,,25.06,25.096883,0.029288,0.007595,TRUE,1
4/26/2023 9:00:00 PM,4/26/2023 5:00:00 PM,1,PJM-RTO,,,ZONE,,29.61,29.655588,0.037893,0.011028,TRUE,1
4/26/2023 10:00:00 PM,4/26/2023 6:00:00 PM,1,PJM-RTO,,,ZONE,,27.73,27.766105,0.028156,0.01045,TRUE,1
4/26/2023 11:00:00 PM,4/26/2023 7:00:00 PM,1,PJM-RTO,,,ZONE,,32.11,32.173073,0.049279,0.012961,TRUE,1
4/27/2023 12:00:00 AM,4/26/2023 8:00:00 PM,1,PJM-RTO,,,ZONE,,30.51,30.556958,0.038719,0.010739,TRUE,1
4/27/2023 1:00:00 AM,4/26/2023 9:00:00 PM,1,PJM-RTO,,,ZONE,,25.78,25.823256,0.038946,0.00931,TRUE,1
4/27/2023 2:00:00 AM,4/26/2023 10:00:00 PM,1,PJM-RTO,,,ZONE,,25.36,25.406228,0.037255,0.008973,TRUE,1
4/27/2023 3:00:00 AM,4/26/2023 11:00:00 PM,1,PJM-RTO,,,ZONE,,22.45,22.473994,0.017066,0.008595,TRUE,1
4/27/2023 4:00:00 AM,4/27/2023 12:00:00 AM,1,PJM-RTO,,,ZONE,,18.1,18.121451,0.011544,0.005741,TRUE,1
4/27/2023 5:00:00 AM,4/27/2023 1:00:00 AM,1,PJM-RTO,,,ZONE,,15.68,15.727034,0.037864,0.005836,TRUE,1
4/27/2023 6:00:00 AM,4/27/2023 2:00:00 AM,1,PJM-RTO,,,ZONE,,15.23,15.2747,0.037405,0.005628,TRUE,1
4/27/2023 7:00:00 AM,4/27/2023 3:00:00 AM,1,PJM-RTO,,,ZONE,,15.87,15.925085,0.048762,0.007156,TRUE,1
4/27/2023 8:00:00 AM,4/27/2023 4:00:00 AM,1,PJM-RTO,,,ZONE,,18,18.056993,0.048467,0.008527,TRUE,1
4/27/2023 9:00:00 AM,4/27/2023 5:00:00 AM,1,PJM-RTO,,,ZONE,,16.32,16.371739,0.045208,0.007364,TRUE,1
4/27/2023 10:00:00 AM,4/27/2023 6:00:00 AM,1,PJM-RTO,,,ZONE,,26.61,26.661713,0.036715,0.012499,TRUE,1
4/27/2023 11:00:00 AM,4/27/2023 7:00:00 AM,1,PJM-RTO,,,ZONE,,26.7,26.716643,0.006684,0.009959,TRUE,1
4/27/2023 12:00:00 PM,4/27/2023 8:00:00 AM,1,PJM-RTO,,,ZONE,,27.49,27.507484,0.003433,0.010718,TRUE,1
4/27/2023 1:00:00 PM,4/27/2023 9:00:00 AM,1,PJM-RTO,,,ZONE,,31.05,31.066152,0.000406,0.011579,TRUE,1
4/27/2023 2:00:00 PM,4/27/2023 10:00:00 AM,1,PJM-RTO,,,ZONE,,24.68,24.69547,0.002784,0.011019,TRUE,1
4/27/2023 3:00:00 PM,4/27/2023 11:00:00 AM,1,PJM-RTO,,,ZONE,,85.23,85.330607,0.066975,0.035298,TRUE,1
4/27/2023 4:00:00 PM,4/27/2023 12:00:00 PM,1,PJM-RTO,,,ZONE,,85.01,85.206572,0.151955,0.040451,TRUE,1
4/27/2023 5:00:00 PM,4/27/2023 1:00:00 PM,1,PJM-RTO,,,ZONE,,36.86,36.896789,0.019781,0.013675,TRUE,1
4/27/2023 6:00:00 PM,4/27/2023 2:00:00 PM,1,PJM-RTO,,,ZONE,,22.53,22.553093,0.018644,0.009449,TRUE,1
4/27/2023 7:00:00 PM,4/27/2023 3:00:00 PM,1,PJM-RTO,,,ZONE,,31.33,31.38277,0.041723,0.013547,TRUE,1
4/27/2023 8:00:00 PM,4/27/2023 4:00:00 PM,1,PJM-RTO,,,ZONE,,20.73,20.758265,0.018924,0.008508,TRUE,1
4/27/2023 9:00:00 PM,4/27/2023 5:00:00 PM,1,PJM-RTO,,,ZONE,,21.21,21.236393,0.020456,0.008437,TRUE,1
4/27/2023 10:00:00 PM,4/27/2023 6:00:00 PM,1,PJM-RTO,,,ZONE,,22.36,22.38915,0.01939,0.008094,TRUE,1
4/27/2023 11:00:00 PM,4/27/2023 7:00:00 PM,1,PJM-RTO,,,ZONE,,23.9,23.934971,0.024644,0.009494,TRUE,1
4/28/2023 12:00:00 AM,4/27/2023 8:00:00 PM,1,PJM-RTO,,,ZONE,,31.06,31.107662,0.038528,0.012467,TRUE,1
4/28/2023 1:00:00 AM,4/27/2023 9:00:00 PM,1,PJM-RTO,,,ZONE,,29.91,29.964591,0.042433,0.010491,TRUE,1
4/28/2023 2:00:00 AM,4/27/2023 10:00:00 PM,1,PJM-RTO,,,ZONE,,22.11,22.128519,0.01174,0.007612,TRUE,1
4/28/2023 3:00:00 AM,4/27/2023 11:00:00 PM,1,PJM-RTO,,,ZONE,,31.56,31.573041,0.005279,0.009428,TRUE,1
